"stock","Region1Name","Region2Name","Region3Name","Region4Name","pst_agg"
"EEL_F","California_Coast","California","Oregon/California","CoastUS","CA_ORCST"
"EEL_R","California_Coast","California","Oregon/California","CoastUS","CA_ORCST"
"RUSSIAN_R","California_Coast","California","Oregon/California","CoastUS","CA_ORCST"
"AMERICAN","Central_Valley_fa","California","Oregon/California","CoastUS","CA_ORCST"
"AMERICAN RIVER","Central_Valley_fa","California","Oregon/California","CoastUS","CA_ORCST"
"AMERICAN_R","Central_Valley_fa","California","Oregon/California","CoastUS","CA_ORCST"
"AMERICAN_RIVER","Central_Valley_fa","California","Oregon/California","CoastUS","CA_ORCST"
"BATTLE_CR","Central_Valley_fa","California","Oregon/California","CoastUS","CA_ORCST"
"BATTLE_CREEK","Central_Valley_fa","California","Oregon/California","CoastUS","CA_ORCST"
"BUTTE_CR_F","Central_Valley_fa","California","Oregon/California","CoastUS","CA_ORCST"
"BUTTE_CREEK_FALL","Central_Valley_fa","California","Oregon/California","CoastUS","CA_ORCST"
"BUTTE_F","Central_Valley_fa","California","Oregon/California","CoastUS","CA_ORCST"
"CLEAR_CR","Central_Valley_fa","California","Oregon/California","CoastUS","CA_ORCST"
"CLEAR_CR_H","Central_Valley_fa","California","Oregon/California","CoastUS","CA_ORCST"
"COLEMAN NFH","Central_Valley_fa","California","Oregon/California","CoastUS","CA_ORCST"
"FEATHER R HATCHERY","Central_Valley_fa","California","Oregon/California","CoastUS","CA_ORCST"
"FEATHER RIVER","Central_Valley_fa","California","Oregon/California","CoastUS","CA_ORCST"
"FEATHER_F","Central_Valley_fa","California","Oregon/California","CoastUS","CA_ORCST"
"FEATHER_H_FA","Central_Valley_fa","California","Oregon/California","CoastUS","CA_ORCST"
"FEATHER_RIVER_FALL","Central_Valley_fa","California","Oregon/California","CoastUS","CA_ORCST"
"MARBLE_CREEK_CC","Central_Valley_fa","California","Oregon/California","CoastUS","CA_ORCST"
"MERCED","Central_Valley_fa","California","Oregon/California","CoastUS","CA_ORCST"
"MERCED RIVER","Central_Valley_fa","California","Oregon/California","CoastUS","CA_ORCST"
"MERCED_RIVER","Central_Valley_fa","California","Oregon/California","CoastUS","CA_ORCST"
"MOKELUMNE","Central_Valley_fa","California","Oregon/California","CoastUS","CA_ORCST"
"MOKELUMNE RIVER","Central_Valley_fa","California","Oregon/California","CoastUS","CA_ORCST"
"SACR_F","Central_Valley_fa","California","Oregon/California","CoastUS","CA_ORCST"
"SACR_LF","Central_Valley_fa","California","Oregon/California","CoastUS","CA_ORCST"
"SACRAMENTO_H","Central_Valley_fa","California","Oregon/California","CoastUS","CA_ORCST"
"SACRAMENTO_RIVER-LATE_FALL","Central_Valley_fa","California","Oregon/California","CoastUS","CA_ORCST"
"STANISLAUS","Central_Valley_fa","California","Oregon/California","CoastUS","CA_ORCST"
"STANISLAUS_R","Central_Valley_fa","California","Oregon/California","CoastUS","CA_ORCST"
"TOULUMNE","Central_Valley_fa","California","Oregon/California","CoastUS","CA_ORCST"
"YUBA","Central_Valley_fa","California","Oregon/California","CoastUS","CA_ORCST"
"YUBA_RIVER._FALL","Central_Valley_fa","California","Oregon/California","CoastUS","CA_ORCST"
"YUBA_RIVER_SPRING","Central_Valley_fa","California","Oregon/California","CoastUS","CA_ORCST"
"YUBA_SP","Central_Valley_fa","California","Oregon/California","CoastUS","CA_ORCST"
"AMERICAN_SP","Central_Valley_sp","California","Oregon/California","CoastUS","CA_ORCST"
"BUTTE_CR_SP","Central_Valley_sp","California","Oregon/California","CoastUS","CA_ORCST"
"BUTTE_CREEK","Central_Valley_sp","California","Oregon/California","CoastUS","CA_ORCST"
"BUTTE_SP","Central_Valley_sp","California","Oregon/California","CoastUS","CA_ORCST"
"DEER_CR_SP","Central_Valley_sp","California","Oregon/California","CoastUS","CA_ORCST"
"FEATHER_H_SP","Central_Valley_sp","California","Oregon/California","CoastUS","CA_ORCST"
"FEATHER_RIVER_SPRING","Central_Valley_sp","California","Oregon/California","CoastUS","CA_ORCST"
"FEATHER_SP","Central_Valley_sp","California","Oregon/California","CoastUS","CA_ORCST"
"MILL_CR_SP","Central_Valley_sp","California","Oregon/California","CoastUS","CA_ORCST"
"SALMON_RIVER_CA_SPRING","Central_Valley_sp","California","Oregon/California","CoastUS","CA_ORCST"
"IRON GATE HATCHERY","Klamath_R","California","Oregon/California","CoastUS","CA_ORCST"
"KLAMATH RIVER","Klamath_R","California","Oregon/California","CoastUS","CA_ORCST"
"KLAMATH_R_FA","Klamath_R","California","Oregon/California","CoastUS","CA_ORCST"
"SALMON_CAL","Klamath_R","California","Oregon/California","CoastUS","CA_ORCST"
"TRINITY RIVER","Klamath_R","California","Oregon/California","CoastUS","CA_ORCST"
"TRINITY_F","Klamath_R","California","Oregon/California","CoastUS","CA_ORCST"
"TRINITY_H_SP","Klamath_R","California","Oregon/California","CoastUS","CA_ORCST"
"TRINITY_SP","Klamath_R","California","Oregon/California","CoastUS","CA_ORCST"
"ALSEA_R","Mid_Oregon_Coast","Oregon Coastal North Migrating","Oregon/California","CoastUS","CA_ORCST"
"CLEELMHATCH","Mid_Oregon_Coast","Oregon Coastal North Migrating","Oregon/California","CoastUS","CA_ORCST"
"COOS R","Mid_Oregon_Coast","Oregon Coastal North Migrating","Oregon/California","CoastUS","CA_ORCST"
"COOS_H","Mid_Oregon_Coast","Oregon Coastal North Migrating","Oregon/California","CoastUS","CA_ORCST"
"COQUILLE R","Mid_Oregon_Coast","Oregon Coastal North Migrating","Oregon/California","CoastUS","CA_ORCST"
"COQUILLE_R","Mid_Oregon_Coast","Oregon Coastal North Migrating","Oregon/California","CoastUS","CA_ORCST"
"ELK","Mid_Oregon_Coast","Oregon Coastal North Migrating","Oregon/California","CoastUS","CA_ORCST"
"ELK_H","Mid_Oregon_Coast","Oregon Coastal North Migrating","Oregon/California","CoastUS","CA_ORCST"
"ELK_RIVER","Mid_Oregon_Coast","Oregon Coastal North Migrating","Oregon/California","CoastUS","CA_ORCST"
"GARDINER CR (UMPQUA)","Mid_Oregon_Coast","Oregon Coastal North Migrating","Oregon/California","CoastUS","CA_ORCST"
"MILLICOMA_R","Mid_Oregon_Coast","Oregon Coastal North Migrating","Oregon/California","CoastUS","CA_ORCST"
"S_COOS_R","Mid_Oregon_Coast","Oregon Coastal North Migrating","Oregon/California","CoastUS","CA_ORCST"
"S_UMPQUA_H","Mid_Oregon_Coast","Oregon Coastal North Migrating","Oregon/California","CoastUS","CA_ORCST"
"SIUSLAW","Mid_Oregon_Coast","Oregon Coastal North Migrating","Oregon/California","CoastUS","CA_ORCST"
"SIUSLAW R","Mid_Oregon_Coast","Oregon Coastal North Migrating","Oregon/California","CoastUS","CA_ORCST"
"SIUSLAW_RIVER","Mid_Oregon_Coast","Oregon Coastal North Migrating","Oregon/California","CoastUS","CA_ORCST"
"SIXES_R","Mid_Oregon_Coast","Oregon Coastal North Migrating","Oregon/California","CoastUS","CA_ORCST"
"SMITH_RIVER_(UMPQUA)","Mid_Oregon_Coast","Oregon Coastal North Migrating","Oregon/California","CoastUS","CA_ORCST"
"SMITH_RIVER__UMPQUA","Mid_Oregon_Coast","Oregon Coastal North Migrating","Oregon/California","CoastUS","CA_ORCST"
"UMPQUA R (ROCK CR HT)","Mid_Oregon_Coast","Oregon Coastal North Migrating","Oregon/California","CoastUS","CA_ORCST"
"UMPQUA_H","Mid_Oregon_Coast","Oregon Coastal North Migrating","Oregon/California","CoastUS","CA_ORCST"
"UMPQUA_SMITH","Mid_Oregon_Coast","Oregon Coastal North Migrating","Oregon/California","CoastUS","CA_ORCST"
"UMPQUA_SP","Mid_Oregon_Coast","Oregon Coastal North Migrating","Oregon/California","CoastUS","CA_ORCST"
"UMPQUA_SPRING","Mid_Oregon_Coast","Oregon Coastal North Migrating","Oregon/California","CoastUS","CA_ORCST"
"APPLEGATE_CR","N_California/S_Oregon_Coast","Oregon Coastal North Migrating","Oregon/California","CoastUS","CA_ORCST"
"CHETCO R","N_California/S_Oregon_Coast","Oregon Coastal North Migrating","Oregon/California","CoastUS","CA_ORCST"
"CHETCO_R","N_California/S_Oregon_Coast","Oregon Coastal North Migrating","Oregon/California","CoastUS","CA_ORCST"
"COLE","N_California/S_Oregon_Coast","Oregon Coastal North Migrating","Oregon/California","CoastUS","CA_ORCST"
"COLE RIVER","N_California/S_Oregon_Coast","Oregon Coastal North Migrating","Oregon/California","CoastUS","CA_ORCST"
"COLE_RIVER","N_California/S_Oregon_Coast","Oregon Coastal North Migrating","Oregon/California","CoastUS","CA_ORCST"
"COLE_RIVERS_H","N_California/S_Oregon_Coast","Oregon Coastal North Migrating","Oregon/California","CoastUS","CA_ORCST"
"ELK R (ELK R HT)","N_California/S_Oregon_Coast","Oregon Coastal North Migrating","Oregon/California","CoastUS","CA_ORCST"
"HUNTER_CR","N_California/S_Oregon_Coast","Oregon Coastal North Migrating","Oregon/California","CoastUS","CA_ORCST"
"HUNTER_CREEK","N_California/S_Oregon_Coast","Oregon Coastal North Migrating","Oregon/California","CoastUS","CA_ORCST"
"LOBSTER_CR","N_California/S_Oregon_Coast","Oregon Coastal North Migrating","Oregon/California","CoastUS","CA_ORCST"
"LOBSTER_CREEK","N_California/S_Oregon_Coast","Oregon Coastal North Migrating","Oregon/California","CoastUS","CA_ORCST"
"PISTOL","N_California/S_Oregon_Coast","Oregon Coastal North Migrating","Oregon/California","CoastUS","CA_ORCST"
"PISTOL_RIVER","N_California/S_Oregon_Coast","Oregon Coastal North Migrating","Oregon/California","CoastUS","CA_ORCST"
"ROWDY CREEK HATCHERY","N_California/S_Oregon_Coast","Oregon Coastal North Migrating","Oregon/California","CoastUS","CA_ORCST"
"ROWDY CREEK, SMITH R","N_California/S_Oregon_Coast","Oregon Coastal North Migrating","Oregon/California","CoastUS","CA_ORCST"
"WINCHUK","N_California/S_Oregon_Coast","Oregon Coastal North Migrating","Oregon/California","CoastUS","CA_ORCST"
"EUCHRE_CR","N_Oregon_Coast","Oregon Coastal North Migrating","Oregon/California","CoastUS","CA_ORCST"
"EUCHRE_CREEK","N_Oregon_Coast","Oregon Coastal North Migrating","Oregon/California","CoastUS","CA_ORCST"
"KILCHIS_R","N_Oregon_Coast","Oregon Coastal North Migrating","Oregon/California","CoastUS","CA_ORCST"
"NECANICUM_H","N_Oregon_Coast","Oregon Coastal North Migrating","Oregon/California","CoastUS","CA_ORCST"
"NEHALEM","N_Oregon_Coast","Oregon Coastal North Migrating","Oregon/California","CoastUS","CA_ORCST"
"NEHALEM_R","N_Oregon_Coast","Oregon Coastal North Migrating","Oregon/California","CoastUS","CA_ORCST"
"NESTUCCA R (CEDAR CR","N_Oregon_Coast","Oregon Coastal North Migrating","Oregon/California","CoastUS","CA_ORCST"
"NESTUCCA_F","N_Oregon_Coast","Oregon Coastal North Migrating","Oregon/California","CoastUS","CA_ORCST"
"NESTUCCA_H","N_Oregon_Coast","Oregon Coastal North Migrating","Oregon/California","CoastUS","CA_ORCST"
"NESTUCCA_RIVER_FALL","N_Oregon_Coast","Oregon Coastal North Migrating","Oregon/California","CoastUS","CA_ORCST"
"SALMON_RIVER(THOM)","N_Oregon_Coast","Oregon Coastal North Migrating","Oregon/California","CoastUS","CA_ORCST"
"SALMON_RIVER_SOTH","N_Oregon_Coast","Oregon Coastal North Migrating","Oregon/California","CoastUS","CA_ORCST"
"TRASK R (TRASK HT)","N_Oregon_Coast","Oregon Coastal North Migrating","Oregon/California","CoastUS","CA_ORCST"
"TRASK_HAT_F","N_Oregon_Coast","Oregon Coastal North Migrating","Oregon/California","CoastUS","CA_ORCST"
"TRASK_HAT_SP","N_Oregon_Coast","Oregon Coastal North Migrating","Oregon/California","CoastUS","CA_ORCST"
"TRASK_HATCHERY","N_Oregon_Coast","Oregon Coastal North Migrating","Oregon/California","CoastUS","CA_ORCST"
"TRASK_R","N_Oregon_Coast","Oregon Coastal North Migrating","Oregon/California","CoastUS","CA_ORCST"
"WILSON_R","N_Oregon_Coast","Oregon Coastal North Migrating","Oregon/California","CoastUS","CA_ORCST"
"COLE RIVERS HATCHERY","Rogue_R","Oregon Coastal North Migrating","Oregon/California","CoastUS","CA_ORCST"
"COLUMBIA_ROGUE","Rogue_R","Oregon Coastal North Migrating","Oregon/California","CoastUS","CA_ORCST"
"DUNGENESS R  18.0018","Juan_de_Fuca","Washington Coast/Juan de Fuca","Washington Coast","CoastUS","WACST"
"DUNGENESS_R","Juan_de_Fuca","Washington Coast/Juan de Fuca","Washington Coast","CoastUS","WACST"
"ELWHA R      18.0272","Juan_de_Fuca","Washington Coast/Juan de Fuca","Washington Coast","CoastUS","WACST"
"HOKO R       19.0148","Juan_de_Fuca","Washington Coast/Juan de Fuca","Washington Coast","CoastUS","WACST"
"CHEHALIS_RIVER","Washington_Coast","Washington Coast/Juan de Fuca","Washington Coast","CoastUS","WACST"
"COOK CR      21.0429","Washington_Coast","Washington Coast/Juan de Fuca","Washington Coast","CoastUS","WACST"
"ELWHA_F","Washington_Coast","Washington Coast/Juan de Fuca","Washington Coast","CoastUS","WACST"
"ELWHA_FALL","Washington_Coast","Washington Coast/Juan de Fuca","Washington Coast","CoastUS","WACST"
"FORKS_CR_H","Washington_Coast","Washington Coast/Juan de Fuca","Washington Coast","CoastUS","WACST"
"FORKS_CREEK_HATCHERY","Washington_Coast","Washington Coast/Juan de Fuca","Washington Coast","CoastUS","WACST"
"HOH_R","Washington_Coast","Washington Coast/Juan de Fuca","Washington Coast","CoastUS","WACST"
"HOH_RIVER","Washington_Coast","Washington Coast/Juan de Fuca","Washington Coast","CoastUS","WACST"
"HOH_RIVER_SP_S","Washington_Coast","Washington Coast/Juan de Fuca","Washington Coast","CoastUS","WACST"
"HOKO_H_FA","Washington_Coast","Washington Coast/Juan de Fuca","Washington Coast","CoastUS","WACST"
"HUMPTULIPS R 22.0004","Washington_Coast","Washington Coast/Juan de Fuca","Washington Coast","CoastUS","WACST"
"HUMPTULIPS_H","Washington_Coast","Washington Coast/Juan de Fuca","Washington Coast","CoastUS","WACST"
"MAKAH_H","Washington_Coast","Washington Coast/Juan de Fuca","Washington Coast","CoastUS","WACST"
"NASELLE R    24.0543","Washington_Coast","Washington Coast/Juan de Fuca","Washington Coast","CoastUS","WACST"
"NEMAH HATCHERY","Washington_Coast","Washington Coast/Juan de Fuca","Washington Coast","CoastUS","WACST"
"NEMAH R      24.0460","Washington_Coast","Washington Coast/Juan de Fuca","Washington Coast","CoastUS","WACST"
"QUEETS","Washington_Coast","Washington Coast/Juan de Fuca","Washington Coast","CoastUS","WACST"
"QUEETS R     21.0016","Washington_Coast","Washington Coast/Juan de Fuca","Washington Coast","CoastUS","WACST"
"QUEETS_R","Washington_Coast","Washington Coast/Juan de Fuca","Washington Coast","CoastUS","WACST"
"QUEETS_RIVER","Washington_Coast","Washington Coast/Juan de Fuca","Washington Coast","CoastUS","WACST"
"QUILAYUTE_R","Washington_Coast","Washington Coast/Juan de Fuca","Washington Coast","CoastUS","WACST"
"QUILLAYUTE R 20.0096","Washington_Coast","Washington Coast/Juan de Fuca","Washington Coast","CoastUS","WACST"
"QUINAULT LK   (21)","Washington_Coast","Washington Coast/Juan de Fuca","Washington Coast","CoastUS","WACST"
"QUINAULT NFH -COOK C","Washington_Coast","Washington Coast/Juan de Fuca","Washington Coast","CoastUS","WACST"
"QUINAULT R   21.0398","Washington_Coast","Washington Coast/Juan de Fuca","Washington Coast","CoastUS","WACST"
"QUINAULT_F","Washington_Coast","Washington Coast/Juan de Fuca","Washington Coast","CoastUS","WACST"
"QUINAULT_RIVER","Washington_Coast","Washington Coast/Juan de Fuca","Washington Coast","CoastUS","WACST"
"R_CHEHALIS","Washington_Coast","Washington Coast/Juan de Fuca","Washington Coast","CoastUS","WACST"
"SATSOP R     22.0360","Washington_Coast","Washington Coast/Juan de Fuca","Washington Coast","CoastUS","WACST"
"SOL DUC R   20.0096","Washington_Coast","Washington Coast/Juan de Fuca","Washington Coast","CoastUS","WACST"
"SOL_DUC_H","Washington_Coast","Washington Coast/Juan de Fuca","Washington Coast","CoastUS","WACST"
"SOL_DUC_RIVER","Washington_Coast","Washington Coast/Juan de Fuca","Washington Coast","CoastUS","WACST"
"SOLDUC_F","Washington_Coast","Washington Coast/Juan de Fuca","Washington Coast","CoastUS","WACST"
"TSOO-YESS R      20.0015","Washington_Coast","Washington Coast/Juan de Fuca","Washington Coast","CoastUS","WACST"
"VAN WINKLE C 22.0240","Washington_Coast","Washington Coast/Juan de Fuca","Washington Coast","CoastUS","WACST"
"WILLAPA R    24.0251","Washington_Coast","Washington Coast/Juan de Fuca","Washington Coast","CoastUS","WACST"
"WILLAPA_CR","Washington_Coast","Washington Coast/Juan de Fuca","Washington Coast","CoastUS","WACST"
"YAQUINA_R","Washington_Coast","Washington Coast/Juan de Fuca","Washington Coast","CoastUS","WACST"
"ABERNATHY CR 25.0297","L_Columbia_R_fa","Fall Cowlitz/Willamette","Columbia","ColR","CR-tule"
"ABERNATHY F","L_Columbia_R_fa","Fall Cowlitz/Willamette","Columbia","ColR","CR-tule"
"ABERNATHY_CR_FA","L_Columbia_R_fa","Fall Cowlitz/Willamette","Columbia","ColR","CR-tule"
"ABERNATHY_F","L_Columbia_R_fa","Fall Cowlitz/Willamette","Columbia","ColR","CR-tule"
"ABERNATHY_NFH_F","L_Columbia_R_fa","Fall Cowlitz/Willamette","Columbia","ColR","CR-tule"
"ABERNATHY_RIVER","L_Columbia_R_fa","Fall Cowlitz/Willamette","Columbia","ColR","CR-tule"
"COLUMBIA R TULES","L_Columbia_R_fa","Fall Cowlitz/Willamette","Columbia","ColR","CR-tule"
"COWEEMAN","L_Columbia_R_fa","Fall Cowlitz/Willamette","Columbia","ColR","CR-tule"
"COWEEMAN_R_FA","L_Columbia_R_fa","Fall Cowlitz/Willamette","Columbia","ColR","CR-tule"
"COWLITZ R    26.0002","L_Columbia_R_fa","Fall Cowlitz/Willamette","Columbia","ColR","CR-tule"
"COWLITZ_H_FA","L_Columbia_R_fa","Fall Cowlitz/Willamette","Columbia","ColR","CR-tule"
"ELOCHOMAN R  25.0236","L_Columbia_R_fa","Fall Cowlitz/Willamette","Columbia","ColR","CR-tule"
"ELOCHOMAN_R_FA","L_Columbia_R_fa","Fall Cowlitz/Willamette","Columbia","ColR","CR-tule"
"MACKENZIE","L_Columbia_R_fa","Fall Cowlitz/Willamette","Columbia","ColR","CR-tule"
"NORTH SANTIAM","L_Columbia_R_fa","Fall Cowlitz/Willamette","Columbia","ColR","CR-tule"
"NORTH_SANTIAM","L_Columbia_R_fa","Fall Cowlitz/Willamette","Columbia","ColR","CR-tule"
"SANDY","L_Columbia_R_fa","Fall Cowlitz/Willamette","Columbia","ColR","CR-tule"
"SANDY HATCHERY (SANDY R)","L_Columbia_R_fa","Fall Cowlitz/Willamette","Columbia","ColR","CR-tule"
"SANDY_R","L_Columbia_R_fa","Fall Cowlitz/Willamette","Columbia","ColR","CR-tule"
"SANDY_RIVER","L_Columbia_R_fa","Fall Cowlitz/Willamette","Columbia","ColR","CR-tule"
"TANNER CR (BNVILLE)","L_Columbia_R_fa","Fall Cowlitz/Willamette","Columbia","ColR","CR-tule"
"WASHOUGAL HATCHERY","L_Columbia_R_fa","Fall Cowlitz/Willamette","Columbia","ColR","CR-tule"
"WASHOUGAL R  28.0159","L_Columbia_R_fa","Fall Cowlitz/Willamette","Columbia","ColR","CR-tule"
"WASHOUGAL_R_FA","L_Columbia_R_fa","Fall Cowlitz/Willamette","Columbia","ColR","CR-tule"
"BIG CR HATCHERY","Willamette_R","Fall Cowlitz/Willamette","Columbia","ColR","CR-sp&su"
"BIG_CR","Willamette_R","Fall Cowlitz/Willamette","Columbia","ColR","CR-sp&su"
"BIG_CR_H_COL","Willamette_R","Fall Cowlitz/Willamette","Columbia","ColR","CR-sp&su"
"BONNEVILLE LADDER","Willamette_R","Fall Cowlitz/Willamette","Columbia","ColR","CR-sp&su"
"CLACKAMAS R EARLY","Willamette_R","Fall Cowlitz/Willamette","Columbia","ColR","CR-sp&su"
"CLACKAMAS_N","Willamette_R","Fall Cowlitz/Willamette","Columbia","ColR","CR-sp&su"
"CLACKAMAS_NO","Willamette_R","Fall Cowlitz/Willamette","Columbia","ColR","CR-sp&su"
"CLACKAMAS_RIVER","Willamette_R","Fall Cowlitz/Willamette","Columbia","ColR","CR-sp&su"
"MCKENZIE HATCHERY","Willamette_R","Fall Cowlitz/Willamette","Columbia","ColR","CR-sp&su"
"MCKENZIE_H","Willamette_R","Fall Cowlitz/Willamette","Columbia","ColR","CR-sp&su"
"MID WILLAMETTE R","Willamette_R","Fall Cowlitz/Willamette","Columbia","ColR","CR-sp&su"
"N_SANTIAM_H","Willamette_R","Fall Cowlitz/Willamette","Columbia","ColR","CR-sp&su"
"SANTIAM R N FK","Willamette_R","Fall Cowlitz/Willamette","Columbia","ColR","CR-sp&su"
"SANTIAM R S FK","Willamette_R","Fall Cowlitz/Willamette","Columbia","ColR","CR-sp&su"
"SANTIAM_RIVER_NORTH","Willamette_R","Fall Cowlitz/Willamette","Columbia","ColR","CR-sp&su"
"CHEWUCH SP","Mid_and_Upper_Columbia_R_sp","Mid-Columbia Brights/Upriver Brights","Columbia","ColR","CR-sp&su"
"CHEWUCH_SP","Mid_and_Upper_Columbia_R_sp","Mid-Columbia Brights/Upriver Brights","Columbia","ColR","CR-sp&su"
"CHIWAWA SP","Mid_and_Upper_Columbia_R_sp","Mid-Columbia Brights/Upriver Brights","Columbia","ColR","CR-sp&su"
"CHIWAWA_SP","Mid_and_Upper_Columbia_R_sp","Mid-Columbia Brights/Upriver Brights","Columbia","ColR","CR-sp&su"
"ENTIAT","Mid_and_Upper_Columbia_R_sp","Mid-Columbia Brights/Upriver Brights","Columbia","ColR","CR-sp&su"
"ENTIAT_H","Mid_and_Upper_Columbia_R_sp","Mid-Columbia Brights/Upriver Brights","Columbia","ColR","CR-sp&su"
"ENTIAT_SP","Mid_and_Upper_Columbia_R_sp","Mid-Columbia Brights/Upriver Brights","Columbia","ColR","CR-sp&su"
"GRANITE","Mid_and_Upper_Columbia_R_sp","Mid-Columbia Brights/Upriver Brights","Columbia","ColR","CR-sp&su"
"GRANITE_CR","Mid_and_Upper_Columbia_R_sp","Mid-Columbia Brights/Upriver Brights","Columbia","ColR","CR-sp&su"
"JOHN DAY MID","Mid_and_Upper_Columbia_R_sp","Mid-Columbia Brights/Upriver Brights","Columbia","ColR","CR-sp&su"
"JOHN_DAY_MAIN","Mid_and_Upper_Columbia_R_sp","Mid-Columbia Brights/Upriver Brights","Columbia","ColR","CR-sp&su"
"JOHN_DAY_MID","Mid_and_Upper_Columbia_R_sp","Mid-Columbia Brights/Upriver Brights","Columbia","ColR","CR-sp&su"
"JOHN_DAY_N","Mid_and_Upper_Columbia_R_sp","Mid-Columbia Brights/Upriver Brights","Columbia","ColR","CR-sp&su"
"JOHN_DAY_NORTH","Mid_and_Upper_Columbia_R_sp","Mid-Columbia Brights/Upriver Brights","Columbia","ColR","CR-sp&su"
"JOHN_DAY_R","Mid_and_Upper_Columbia_R_sp","Mid-Columbia Brights/Upriver Brights","Columbia","ColR","CR-sp&su"
"JOHNDAY_R","Mid_and_Upper_Columbia_R_sp","Mid-Columbia Brights/Upriver Brights","Columbia","ColR","CR-sp&su"
"KLICKITAT_H","Mid_and_Upper_Columbia_R_sp","Mid-Columbia Brights/Upriver Brights","Columbia","ColR","CR-sp&su"
"KLICKITAT_R_SP","Mid_and_Upper_Columbia_R_sp","Mid-Columbia Brights/Upriver Brights","Columbia","ColR","CR-sp&su"
"L_WH_SAL_H_SP","Mid_and_Upper_Columbia_R_sp","Mid-Columbia Brights/Upriver Brights","Columbia","ColR","CR-sp&su"
"LITTLENACHES_SP","Mid_and_Upper_Columbia_R_sp","Mid-Columbia Brights/Upriver Brights","Columbia","ColR","CR-sp&su"
"MF_JOHNDAY_R","Mid_and_Upper_Columbia_R_sp","Mid-Columbia Brights/Upriver Brights","Columbia","ColR","CR-sp&su"
"NACHES_RIVER","Mid_and_Upper_Columbia_R_sp","Mid-Columbia Brights/Upriver Brights","Columbia","ColR","CR-sp&su"
"NACHES_SP","Mid_and_Upper_Columbia_R_sp","Mid-Columbia Brights/Upriver Brights","Columbia","ColR","CR-sp&su"
"NF_JOHNDAY_R","Mid_and_Upper_Columbia_R_sp","Mid-Columbia Brights/Upriver Brights","Columbia","ColR","CR-sp&su"
"SHITIKE_H","Mid_and_Upper_Columbia_R_sp","Mid-Columbia Brights/Upriver Brights","Columbia","ColR","CR-sp&su"
"TWISP_R_SP","Mid_and_Upper_Columbia_R_sp","Mid-Columbia Brights/Upriver Brights","Columbia","ColR","CR-sp&su"
"TWISP_SP","Mid_and_Upper_Columbia_R_sp","Mid-Columbia Brights/Upriver Brights","Columbia","ColR","CR-sp&su"
"U_YAKIMA_H","Mid_and_Upper_Columbia_R_sp","Mid-Columbia Brights/Upriver Brights","Columbia","ColR","CR-sp&su"
"ELOCHOMAN_H","Mid_Columbia_R_tule","Mid-Columbia Brights/Upriver Brights","Columbia","ColR","CR-bright"
"SPRING_CR_COL","Mid_Columbia_R_tule","Mid-Columbia Brights/Upriver Brights","Columbia","ColR","CR-bright"
"SPRING_CR_H","Mid_Columbia_R_tule","Mid-Columbia Brights/Upriver Brights","Columbia","ColR","CR-bright"
"SPRING_CREEK_H","Mid_Columbia_R_tule","Mid-Columbia Brights/Upriver Brights","Columbia","ColR","CR-bright"
"SPRING_CREEK_HATCHERY","Mid_Columbia_R_tule","Mid-Columbia Brights/Upriver Brights","Columbia","ColR","CR-bright"
"COLUMBIA R UPRIVER S","L_Columbia_R_sp","Spring Cowlitz","Columbia","ColR","CR-sp&su"
"COWEEMAN R   26.0003","L_Columbia_R_sp","Spring Cowlitz","Columbia","ColR","CR-sp&su"
"COWLITZ R -LOWER","L_Columbia_R_sp","Spring Cowlitz","Columbia","ColR","CR-sp&su"
"COWLITZ R -UPPER","L_Columbia_R_sp","Spring Cowlitz","Columbia","ColR","CR-sp&su"
"COWLITZ R @ MAYFIELD","L_Columbia_R_sp","Spring Cowlitz","Columbia","ColR","CR-sp&su"
"COWLITZ_H_SP","L_Columbia_R_sp","Spring Cowlitz","Columbia","ColR","CR-sp&su"
"COWLITZ_HATCHERY_SPRING","L_Columbia_R_sp","Spring Cowlitz","Columbia","ColR","CR-sp&su"
"KALAMA R     27.0002","L_Columbia_R_sp","Spring Cowlitz","Columbia","ColR","CR-sp&su"
"KALAMA_H_SP","L_Columbia_R_sp","Spring Cowlitz","Columbia","ColR","CR-sp&su"
"LEWIS R -NF  27.0168","L_Columbia_R_sp","Spring Cowlitz","Columbia","ColR","CR-sp&su"
"LEWIS R      27.0168","L_Columbia_R_sp","Spring Cowlitz","Columbia","ColR","CR-sp&su"
"LEWIS RIVER HATCHERY","L_Columbia_R_sp","Spring Cowlitz","Columbia","ColR","CR-sp&su"
"LEWIS_H_SP","L_Columbia_R_sp","Spring Cowlitz","Columbia","ColR","CR-sp&su"
"LEWIS_R_F","L_Columbia_R_sp","Spring Cowlitz","Columbia","ColR","CR-sp&su"
"LEWIS_R_LSU","L_Columbia_R_sp","Spring Cowlitz","Columbia","ColR","CR-sp&su"
"LEWIS_R_SU","L_Columbia_R_sp","Spring Cowlitz","Columbia","ColR","CR-sp&su"
"SPRING CR    29.0159","L_Columbia_R_sp","Spring Cowlitz","Columbia","ColR","CR-sp&su"
"TOUTLE R     26.0227","L_Columbia_R_sp","Spring Cowlitz","Columbia","ColR","CR-sp&su"
"BONNEVILLE POOL","U_Columbia_R_su/fa","Up-Columbia S-F","Columbia","ColR","CR-bright"
"CHELAN FALLS EASTBANK OF","U_Columbia_R_su/fa","Up-Columbia S-F","Columbia","ColR","CR-bright"
"DESCHUTES-F","U_Columbia_R_su/fa","Up-Columbia S-F","Columbia","ColR","CR-bright"
"DESCHUTES R","U_Columbia_R_su/fa","Up-Columbia S-F","Columbia","ColR","CR-bright"
"DESCHUTES_RIVER","U_Columbia_R_su/fa","Up-Columbia S-F","Columbia","ColR","CR-bright"
"HANFORD REACH","U_Columbia_R_su/fa","Up-Columbia S-F","Columbia","ColR","CR-bright"
"HANFORD REACH STOCK","U_Columbia_R_su/fa","Up-Columbia S-F","Columbia","ColR","CR-bright"
"HANFORD_REACH","U_Columbia_R_su/fa","Up-Columbia S-F","Columbia","ColR","CR-bright"
"HANFORD_REACH_","U_Columbia_R_su/fa","Up-Columbia S-F","Columbia","ColR","CR-bright"
"HOOD R","U_Columbia_R_su/fa","Up-Columbia S-F","Columbia","ColR","CR-bright"
"KLICKITAT R  30.0002","U_Columbia_R_su/fa","Up-Columbia S-F","Columbia","ColR","CR-bright"
"L_DESCHUTES_R","U_Columbia_R_su/fa","Up-Columbia S-F","Columbia","ColR","CR-bright"
"L_WH_SAL_H_SF","U_Columbia_R_su/fa","Up-Columbia S-F","Columbia","ColR","CR-bright"
"LEAVENWORTH HATCHERY","U_Columbia_R_su/fa","Up-Columbia S-F","Columbia","ColR","CR-bright"
"LTL WHITE SALMON-NFH","U_Columbia_R_su/fa","Up-Columbia S-F","Columbia","ColR","CR-bright"
"MARION_DRAIN_FA","U_Columbia_R_su/fa","Up-Columbia S-F","Columbia","ColR","CR-bright"
"METHOW & OKANOGAN","U_Columbia_R_su/fa","Up-Columbia S-F","Columbia","ColR","CR-bright"
"METHOW R     48.0002","U_Columbia_R_su/fa","Up-Columbia S-F","Columbia","ColR","CR-bright"
"METHOW_R","U_Columbia_R_su/fa","Up-Columbia S-F","Columbia","ColR","CR-bright"
"METHOW_R_SP","U_Columbia_R_su/fa","Up-Columbia S-F","Columbia","ColR","CR-bright"
"OKANAGAN","U_Columbia_R_su/fa","Up-Columbia S-F","Columbia","ColR","CR-bright"
"OKANAGAN_R","U_Columbia_R_su/fa","Up-Columbia S-F","Columbia","ColR","CR-bright"
"OKANAGAN_RIVER","U_Columbia_R_su/fa","Up-Columbia S-F","Columbia","ColR","CR-bright"
"OKANOGAN R   49.0019","U_Columbia_R_su/fa","Up-Columbia S-F","Columbia","ColR","CR-bright"
"OSOYOOS_LAKE","U_Columbia_R_su/fa","Up-Columbia S-F","Columbia","ColR","CR-bright"
"OSOYOOS_RESID","U_Columbia_R_su/fa","Up-Columbia S-F","Columbia","ColR","CR-bright"
"PRIEST RAPIDS   (36)","U_Columbia_R_su/fa","Up-Columbia S-F","Columbia","ColR","CR-bright"
"PRIEST_RAPID_H","U_Columbia_R_su/fa","Up-Columbia S-F","Columbia","ColR","CR-bright"
"PRIEST_RAPIDS_H","U_Columbia_R_su/fa","Up-Columbia S-F","Columbia","ColR","CR-bright"
"SEYMOUR_RIVER","U_Columbia_R_su/fa","Up-Columbia S-F","Columbia","ColR","CR-bright"
"SILMILKAMEEN_S","U_Columbia_R_su/fa","Up-Columbia S-F","Columbia","ColR","CR-bright"
"SIMILKAMEEN","U_Columbia_R_su/fa","Up-Columbia S-F","Columbia","ColR","CR-bright"
"SIMILKAMEEN R 490325","U_Columbia_R_su/fa","Up-Columbia S-F","Columbia","ColR","CR-bright"
"U_DESCHUTES_R","U_Columbia_R_su/fa","Up-Columbia S-F","Columbia","ColR","CR-bright"
"UMATILLA R","U_Columbia_R_su/fa","Up-Columbia S-F","Columbia","ColR","CR-bright"
"UMATILLA_H","U_Columbia_R_su/fa","Up-Columbia S-F","Columbia","ColR","CR-bright"
"UMATILLA_H_FA","U_Columbia_R_su/fa","Up-Columbia S-F","Columbia","ColR","CR-bright"
"WA URB LITTLE WHITE","U_Columbia_R_su/fa","Up-Columbia S-F","Columbia","ColR","CR-bright"
"WARM SPRINGS R","U_Columbia_R_su/fa","Up-Columbia S-F","Columbia","ColR","CR-bright"
"WARM_SPRINGS_H","U_Columbia_R_su/fa","Up-Columbia S-F","Columbia","ColR","CR-bright"
"WASHINGTON BRIGHTS","U_Columbia_R_su/fa","Up-Columbia S-F","Columbia","ColR","CR-bright"
"WELLS DAM       (47)","U_Columbia_R_su/fa","Up-Columbia S-F","Columbia","ColR","CR-bright"
"WELLS HATCHERY","U_Columbia_R_su/fa","Up-Columbia S-F","Columbia","ColR","CR-bright"
"WELLS_H","U_Columbia_R_su/fa","Up-Columbia S-F","Columbia","ColR","CR-bright"
"WENATCHEE R  45.0030","U_Columbia_R_su/fa","Up-Columbia S-F","Columbia","ColR","CR-bright"
"WENATCHEE SU","U_Columbia_R_su/fa","Up-Columbia S-F","Columbia","ColR","CR-bright"
"WENATCHEE_H_SP","U_Columbia_R_su/fa","Up-Columbia S-F","Columbia","ColR","CR-bright"
"WENATCHEE_R_SF","U_Columbia_R_su/fa","Up-Columbia S-F","Columbia","ColR","CR-bright"
"WENATCHEE_R_SP","U_Columbia_R_su/fa","Up-Columbia S-F","Columbia","ColR","CR-bright"
"WENATCHEE_RIVER","U_Columbia_R_su/fa","Up-Columbia S-F","Columbia","ColR","CR-bright"
"WENATCHEE_SU","U_Columbia_R_su/fa","Up-Columbia S-F","Columbia","ColR","CR-bright"
"YAKIMA R-LOW 37.0002","U_Columbia_R_su/fa","Up-Columbia S-F","Columbia","ColR","CR-bright"
"YAKIMA R-UPR 39.0002","U_Columbia_R_su/fa","Up-Columbia S-F","Columbia","ColR","CR-bright"
"LYON'S_FERRY","Snake_R_fa","Snake Fall","Snake","ColR","CR-bright"
"LYON'S_FERRY_F","Snake_R_fa","Snake Fall","Snake","ColR","CR-bright"
"LYONS FERRY HATCHERY","Snake_R_fa","Snake Fall","Snake","ColR","CR-bright"
"LYONS_FERRY_H","Snake_R_fa","Snake Fall","Snake","ColR","CR-bright"
"NEZ_PERCET_H","Snake_R_fa","Snake Fall","Snake","ColR","CR-bright"
"SALMON_R_F","Snake_R_fa","Snake Fall","Snake","ColR","CR-bright"
"SNAKE R FALL","Snake_R_fa","Snake Fall","Snake","ColR","CR-bright"
"BEAR_VALLEY_CR","Snake_R_sp/su","Snake Sp-Su","Snake","ColR","CR-sp&su"
"CAMAS_CR","Snake_R_sp/su","Snake Sp-Su","Snake","ColR","CR-sp&su"
"CAPEHORN_CR","Snake_R_sp/su","Snake Sp-Su","Snake","ColR","CR-sp&su"
"CATHERINE_CR","Snake_R_sp/su","Snake Sp-Su","Snake","ColR","CR-sp&su"
"CHAMBERLAIN_CR","Snake_R_sp/su","Snake Sp-Su","Snake","ColR","CR-sp&su"
"CROOKED_FK_CR","Snake_R_sp/su","Snake Sp-Su","Snake","ColR","CR-sp&su"
"F SNAKE R","Snake_R_sp/su","Snake Sp-Su","Snake","ColR","CR-sp&su"
"FRENCHMAN-SP","Snake_R_sp/su","Snake Sp-Su","Snake","ColR","CR-sp&su"
"IMNAHA","Snake_R_sp/su","Snake Sp-Su","Snake","ColR","CR-sp&su"
"IMNAHA R AND TRIBS","Snake_R_sp/su","Snake Sp-Su","Snake","ColR","CR-sp&su"
"IMNAHA_R","Snake_R_sp/su","Snake Sp-Su","Snake","ColR","CR-sp&su"
"JOHNSON_CR","Snake_R_sp/su","Snake Sp-Su","Snake","ColR","CR-sp&su"
"JOHNSON_H","Snake_R_sp/su","Snake Sp-Su","Snake","ColR","CR-sp&su"
"LOCHSA_R","Snake_R_sp/su","Snake Sp-Su","Snake","ColR","CR-sp&su"
"LOLO_CR","Snake_R_sp/su","Snake Sp-Su","Snake","ColR","CR-sp&su"
"LOOKINGGLASS CR","Snake_R_sp/su","Snake Sp-Su","Snake","ColR","CR-sp&su"
"LOOKINGGLASS_H","Snake_R_sp/su","Snake Sp-Su","Snake","ColR","CR-sp&su"
"LOSTINE R ENDEMIC","Snake_R_sp/su","Snake Sp-Su","Snake","ColR","CR-sp&su"
"MARSH CR","Snake_R_sp/su","Snake Sp-Su","Snake","ColR","CR-sp&su"
"MARSH CREEK","Snake_R_sp/su","Snake Sp-Su","Snake","ColR","CR-sp&su"
"MARSH_CR","Snake_R_sp/su","Snake Sp-Su","Snake","ColR","CR-sp&su"
"MARSH_CREEK","Snake_R_sp/su","Snake Sp-Su","Snake","ColR","CR-sp&su"
"MCCALL","Snake_R_sp/su","Snake Sp-Su","Snake","ColR","CR-sp&su"
"MCCALL HAT","Snake_R_sp/su","Snake Sp-Su","Snake","ColR","CR-sp&su"
"MCCALL_HAT","Snake_R_sp/su","Snake Sp-Su","Snake","ColR","CR-sp&su"
"MCCALL_RIVER","Snake_R_sp/su","Snake Sp-Su","Snake","ColR","CR-sp&su"
"MINAM_CR","Snake_R_sp/su","Snake Sp-Su","Snake","ColR","CR-sp&su"
"MINAM_CREEK","Snake_R_sp/su","Snake Sp-Su","Snake","ColR","CR-sp&su"
"MINAM_R","Snake_R_sp/su","Snake Sp-Su","Snake","ColR","CR-sp&su"
"NEWSOME_CR","Snake_R_sp/su","Snake Sp-Su","Snake","ColR","CR-sp&su"
"PAH CH-2","Snake_R_sp/su","Snake Sp-Su","Snake","ColR","CR-sp&su"
"PAHSIMEROI_R","Snake_R_sp/su","Snake Sp-Su","Snake","ColR","CR-sp&su"
"RAPID SP","Snake_R_sp/su","Snake Sp-Su","Snake","ColR","CR-sp&su"
"RAPID_R_H","Snake_R_sp/su","Snake Sp-Su","Snake","ColR","CR-sp&su"
"RAPID_SP","Snake_R_sp/su","Snake Sp-Su","Snake","ColR","CR-sp&su"
"RED_R","Snake_R_sp/su","Snake Sp-Su","Snake","ColR","CR-sp&su"
"S FK SALMON","Snake_R_sp/su","Snake Sp-Su","Snake","ColR","CR-sp&su"
"SALMON E.FORK","Snake_R_sp/su","Snake Sp-Su","Snake","ColR","CR-sp&su"
"SALMON R","Snake_R_sp/su","Snake Sp-Su","Snake","ColR","CR-sp&su"
"SALMON R WILD","Snake_R_sp/su","Snake Sp-Su","Snake","ColR","CR-sp&su"
"SALMON_E_FORK","Snake_R_sp/su","Snake Sp-Su","Snake","ColR","CR-sp&su"
"SAWTOOTH_H","Snake_R_sp/su","Snake Sp-Su","Snake","ColR","CR-sp&su"
"SECECH","Snake_R_sp/su","Snake Sp-Su","Snake","ColR","CR-sp&su"
"SECECH_R","Snake_R_sp/su","Snake Sp-Su","Snake","ColR","CR-sp&su"
"SECESH_R","Snake_R_sp/su","Snake Sp-Su","Snake","ColR","CR-sp&su"
"SNAKE R","Snake_R_sp/su","Snake Sp-Su","Snake","ColR","CR-sp&su"
"SNAKE R-LOWR 33.0002","Snake_R_sp/su","Snake Sp-Su","Snake","ColR","CR-sp&su"
"SNAKE R. X","Snake_R_sp/su","Snake Sp-Su","Snake","ColR","CR-sp&su"
"SNAKE_S","Snake_R_sp/su","Snake Sp-Su","Snake","ColR","CR-sp&su"
"TUCANNON R   35.0009","Snake_R_sp/su","Snake Sp-Su","Snake","ColR","CR-sp&su"
"TUCANNON R CAPTIVE","Snake_R_sp/su","Snake Sp-Su","Snake","ColR","CR-sp&su"
"TUCANNON_H","Snake_R_sp/su","Snake Sp-Su","Snake","ColR","CR-sp&su"
"TUCANNON_R","Snake_R_sp/su","Snake Sp-Su","Snake","ColR","CR-sp&su"
"TUCANNON_SP","Snake_R_sp/su","Snake Sp-Su","Snake","ColR","CR-sp&su"
"UP_SALMON-SP","Snake_R_sp/su","Snake Sp-Su","Snake","ColR","CR-sp&su"
"UPPER_VALLEY","Snake_R_sp/su","Snake Sp-Su","Snake","ColR","CR-sp&su"
"VALLEY_CR","Snake_R_sp/su","Snake Sp-Su","Snake","ColR","CR-sp&su"
"VALLEY_CREEK","Snake_R_sp/su","Snake Sp-Su","Snake","ColR","CR-sp&su"
"WALLOWA R","Snake_R_sp/su","Snake Sp-Su","Snake","ColR","CR-sp&su"
"WENAHA","Snake_R_sp/su","Snake Sp-Su","Snake","ColR","CR-sp&su"
"WENAHA_R","Snake_R_sp/su","Snake Sp-Su","Snake","ColR","CR-sp&su"
"YAQUINA B SALMON RAN","Snake_R_sp/su","Snake Sp-Su","Snake","ColR","CR-sp&su"
"BLANCHARD","Alsek","North/Central BC","North/Central BC","NBC","NBC_SEAK"
"KLUKSHU","Alsek","North/Central BC","North/Central BC","NBC","NBC_SEAK"
"KUDWAT_CR","Alsek","North/Central BC","North/Central BC","NBC","NBC_SEAK"
"TAKHANNE","Alsek","North/Central BC","North/Central BC","NBC","NBC_SEAK"
"NIMPKISH","ECVI","North/Central BC","North/Central BC","NBC","NBC_SEAK"
"NIMPKISH_RIVER","ECVI","North/Central BC","North/Central BC","NBC","NBC_SEAK"
"S-NIMPKISH R","ECVI","North/Central BC","North/Central BC","NBC","NBC_SEAK"
"CRANBERRY","Nass","North/Central BC","North/Central BC","NBC","NBC_SEAK"
"DAMDOCHAX","Nass","North/Central BC","North/Central BC","NBC","NBC_SEAK"
"ISHKHEENICKH","Nass","North/Central BC","North/Central BC","NBC","NBC_SEAK"
"KINCOLITH","Nass","North/Central BC","North/Central BC","NBC","NBC_SEAK"
"KITEEN","Nass","North/Central BC","North/Central BC","NBC","NBC_SEAK"
"KWINAGEESE","Nass","North/Central BC","North/Central BC","NBC","NBC_SEAK"
"KWINAGEESE_RIVER","Nass","North/Central BC","North/Central BC","NBC","NBC_SEAK"
"KWINAMASS","Nass","North/Central BC","North/Central BC","NBC","NBC_SEAK"
"MEZIADIN","Nass","North/Central BC","North/Central BC","NBC","NBC_SEAK"
"OWEGEE","Nass","North/Central BC","North/Central BC","NBC","NBC_SEAK"
"SEASKINNISH","Nass","North/Central BC","North/Central BC","NBC","NBC_SEAK"
"SNOWBANK","Nass","North/Central BC","North/Central BC","NBC","NBC_SEAK"
"TEIGEN","Nass","North/Central BC","North/Central BC","NBC","NBC_SEAK"
"TSEAX","Nass","North/Central BC","North/Central BC","NBC","NBC_SEAK"
"ASHLU_CREEK","NOMN","North/Central BC","North/Central BC","NBC","NBC_SEAK"
"ATNARKO","NOMN","North/Central BC","North/Central BC","NBC","NBC_SEAK"
"ATNARKO_RIVER","NOMN","North/Central BC","North/Central BC","NBC","NBC_SEAK"
"ATNARKO_RIVER_UPPER","NOMN","North/Central BC","North/Central BC","NBC","NBC_SEAK"
"BABINE_RIVER-SECTIONS_1_TO_3","NOMN","North/Central BC","North/Central BC","NBC","NBC_SEAK"
"BEAR","NOMN","North/Central BC","North/Central BC","NBC","NBC_SEAK"
"CHRISTINA_CREEK","NOMN","North/Central BC","North/Central BC","NBC","NBC_SEAK"
"CHUCKWALLA","NOMN","North/Central BC","North/Central BC","NBC","NBC_SEAK"
"CHUCKWALLA_RIVER","NOMN","North/Central BC","North/Central BC","NBC","NBC_SEAK"
"COLONIAL_CREEK","NOMN","North/Central BC","North/Central BC","NBC","NBC_SEAK"
"DAMDOCHAX_CREEK","NOMN","North/Central BC","North/Central BC","NBC","NBC_SEAK"
"DEAN","NOMN","North/Central BC","North/Central BC","NBC","NBC_SEAK"
"DEAN_RIVER","NOMN","North/Central BC","North/Central BC","NBC","NBC_SEAK"
"DEAN_RIVER-LOWER","NOMN","North/Central BC","North/Central BC","NBC","NBC_SEAK"
"DEAN_RIVER-UPPER","NOMN","North/Central BC","North/Central BC","NBC","NBC_SEAK"
"DOCEE","NOMN","North/Central BC","North/Central BC","NBC","NBC_SEAK"
"DUTEAU_CREEK","NOMN","North/Central BC","North/Central BC","NBC","NBC_SEAK"
"HIRSCH","NOMN","North/Central BC","North/Central BC","NBC","NBC_SEAK"
"HIRSCH_CREEK","NOMN","North/Central BC","North/Central BC","NBC","NBC_SEAK"
"ISHKHEENICKH_RIVER","NOMN","North/Central BC","North/Central BC","NBC","NBC_SEAK"
"KASIKS","NOMN","North/Central BC","North/Central BC","NBC","NBC_SEAK"
"KASIKS_R","NOMN","North/Central BC","North/Central BC","NBC","NBC_SEAK"
"KASIKS_RIVER","NOMN","North/Central BC","North/Central BC","NBC","NBC_SEAK"
"KATEEN","NOMN","North/Central BC","North/Central BC","NBC","NBC_SEAK"
"KATEEN_RIVER","NOMN","North/Central BC","North/Central BC","NBC","NBC_SEAK"
"KILBELLA","NOMN","North/Central BC","North/Central BC","NBC","NBC_SEAK"
"KILBELLA_RIVER","NOMN","North/Central BC","North/Central BC","NBC","NBC_SEAK"
"KILDALA","NOMN","North/Central BC","North/Central BC","NBC","NBC_SEAK"
"KILDALA_RIVER","NOMN","North/Central BC","North/Central BC","NBC","NBC_SEAK"
"KITEEN_RIVER","NOMN","North/Central BC","North/Central BC","NBC","NBC_SEAK"
"KITIMAT","NOMN","North/Central BC","North/Central BC","NBC","NBC_SEAK"
"KITIMAT_RIVER","NOMN","North/Central BC","North/Central BC","NBC","NBC_SEAK"
"KITLOPE","NOMN","North/Central BC","North/Central BC","NBC","NBC_SEAK"
"KITLOPE_RIVER","NOMN","North/Central BC","North/Central BC","NBC","NBC_SEAK"
"KITSUMKALUM_RIVER-LOWER","NOMN","North/Central BC","North/Central BC","NBC","NBC_SEAK"
"KITWANGA_RIVER","NOMN","North/Central BC","North/Central BC","NBC","NBC_SEAK"
"KLUAYAZ_CREEK","NOMN","North/Central BC","North/Central BC","NBC","NBC_SEAK"
"LOWATNARKO","NOMN","North/Central BC","North/Central BC","NBC","NBC_SEAK"
"LOWATNARKO(11)","NOMN","North/Central BC","North/Central BC","NBC","NBC_SEAK"
"MEZIADIN_RIVER","NOMN","North/Central BC","North/Central BC","NBC","NBC_SEAK"
"NEECHANZ_RIVER","NOMN","North/Central BC","North/Central BC","NBC","NBC_SEAK"
"NEECHANZE","NOMN","North/Central BC","North/Central BC","NBC","NBC_SEAK"
"NUSATSUM","NOMN","North/Central BC","North/Central BC","NBC","NBC_SEAK"
"NUSATSUM_RIVER","NOMN","North/Central BC","North/Central BC","NBC","NBC_SEAK"
"OTSI_CREEK","NOMN","North/Central BC","North/Central BC","NBC","NBC_SEAK"
"OWEEGEE_CREEK","NOMN","North/Central BC","North/Central BC","NBC","NBC_SEAK"
"PITT_RIVER-UPPER","NOMN","North/Central BC","North/Central BC","NBC","NBC_SEAK"
"S-ATNARKO R LOW","NOMN","North/Central BC","North/Central BC","NBC","NBC_SEAK"
"S-ATNARKO R UP","NOMN","North/Central BC","North/Central BC","NBC","NBC_SEAK"
"S-KILBELLA R","NOMN","North/Central BC","North/Central BC","NBC","NBC_SEAK"
"S-KITIMAT R","NOMN","North/Central BC","North/Central BC","NBC","NBC_SEAK"
"SALLOOMT_RIVER","NOMN","North/Central BC","North/Central BC","NBC","NBC_SEAK"
"SALOOMPT","NOMN","North/Central BC","North/Central BC","NBC","NBC_SEAK"
"SNOWBANK_CREEK","NOMN","North/Central BC","North/Central BC","NBC","NBC_SEAK"
"TAKIA","NOMN","North/Central BC","North/Central BC","NBC","NBC_SEAK"
"TAKIA_RIVER","NOMN","North/Central BC","North/Central BC","NBC","NBC_SEAK"
"U_ATNARKO","NOMN","North/Central BC","North/Central BC","NBC","NBC_SEAK"
"U_DEAN","NOMN","North/Central BC","North/Central BC","NBC","NBC_SEAK"
"WANNOCK","NOMN","North/Central BC","North/Central BC","NBC","NBC_SEAK"
"WANNOCK_R","NOMN","North/Central BC","North/Central BC","NBC","NBC_SEAK"
"WANNOCK_RIVER","NOMN","North/Central BC","North/Central BC","NBC","NBC_SEAK"
"ZYMAGOTITZ_RIVER","NOMN","North/Central BC","North/Central BC","NBC","NBC_SEAK"
"YAKOUN","QCI","North/Central BC","North/Central BC","NBC","NBC_SEAK"
"BABINE","Skeena_Babine","North/Central BC","North/Central BC","NBC","NBC_SEAK"
"BULKLEY","Skeena_Bulkley","North/Central BC","North/Central BC","NBC","NBC_SEAK"
"BULKLEY_EARLY","Skeena_Bulkley","North/Central BC","North/Central BC","NBC","NBC_SEAK"
"BULKLEY_SP","Skeena_Bulkley","North/Central BC","North/Central BC","NBC","NBC_SEAK"
"MORICE","Skeena_Bulkley","North/Central BC","North/Central BC","NBC","NBC_SEAK"
"MORICE_R","Skeena_Bulkley","North/Central BC","North/Central BC","NBC","NBC_SEAK"
"S-BULKLEY R UP","Skeena_Bulkley","North/Central BC","North/Central BC","NBC","NBC_SEAK"
"S-KITSUM ABV CANYON","Skeena_Bulkley","North/Central BC","North/Central BC","NBC","NBC_SEAK"
"S-KITSUM BEL CANYON","Skeena_Bulkley","North/Central BC","North/Central BC","NBC","NBC_SEAK"
"S-MORICE R","Skeena_Bulkley","North/Central BC","North/Central BC","NBC","NBC_SEAK"
"SUSKWA","Skeena_Bulkley","North/Central BC","North/Central BC","NBC","NBC_SEAK"
"ECSTALL","Skeena_Lower","North/Central BC","North/Central BC","NBC","NBC_SEAK"
"EXCHAMSIKS","Skeena_Lower","North/Central BC","North/Central BC","NBC","NBC_SEAK"
"EXCHAMSIKS_RIVER","Skeena_Lower","North/Central BC","North/Central BC","NBC","NBC_SEAK"
"EXSTEW_R","Skeena_Lower","North/Central BC","North/Central BC","NBC","NBC_SEAK"
"EXSTEW_RIVER","Skeena_Lower","North/Central BC","North/Central BC","NBC","NBC_SEAK"
"FIDDLER_CR","Skeena_Lower","North/Central BC","North/Central BC","NBC","NBC_SEAK"
"GITNADOIX","Skeena_Lower","North/Central BC","North/Central BC","NBC","NBC_SEAK"
"GITNADOIX_RIVER","Skeena_Lower","North/Central BC","North/Central BC","NBC","NBC_SEAK"
"KHYEX_R","Skeena_Lower","North/Central BC","North/Central BC","NBC","NBC_SEAK"
"KITSUMKALUM_R","Skeena_Lower","North/Central BC","North/Central BC","NBC","NBC_SEAK"
"L_KALUM","Skeena_Lower","North/Central BC","North/Central BC","NBC","NBC_SEAK"
"L_KALUM@AC","Skeena_Lower","North/Central BC","North/Central BC","NBC","NBC_SEAK"
"THOMAS_CR","Skeena_Lower","North/Central BC","North/Central BC","NBC","NBC_SEAK"
"ZYMOGOTITZ","Skeena_Lower","North/Central BC","North/Central BC","NBC","NBC_SEAK"
"ZYMOGOTITZ_R","Skeena_Lower","North/Central BC","North/Central BC","NBC","NBC_SEAK"
"KISPIOX","Skeena_Mid","North/Central BC","North/Central BC","NBC","NBC_SEAK"
"KITSEGUECLA_R","Skeena_Mid","North/Central BC","North/Central BC","NBC","NBC_SEAK"
"KITWANGA","Skeena_Mid","North/Central BC","North/Central BC","NBC","NBC_SEAK"
"NANGEESE_R","Skeena_Mid","North/Central BC","North/Central BC","NBC","NBC_SEAK"
"SHEGUNIA_R","Skeena_Mid","North/Central BC","North/Central BC","NBC","NBC_SEAK"
"SKEENA@TERRACE","Skeena_Mid","North/Central BC","North/Central BC","NBC","NBC_SEAK"
"SWEETIN","Skeena_Mid","North/Central BC","North/Central BC","NBC","NBC_SEAK"
"SWEETIN_RIVER","Skeena_Mid","North/Central BC","North/Central BC","NBC","NBC_SEAK"
"KLUATANTAN","Skeena_Upper","North/Central BC","North/Central BC","NBC","NBC_SEAK"
"KLUAYAZ_CR","Skeena_Upper","North/Central BC","North/Central BC","NBC","NBC_SEAK"
"KULDO_C","Skeena_Upper","North/Central BC","North/Central BC","NBC","NBC_SEAK"
"OTSI_CR","Skeena_Upper","North/Central BC","North/Central BC","NBC","NBC_SEAK"
"SICINTINE_R","Skeena_Upper","North/Central BC","North/Central BC","NBC","NBC_SEAK"
"SLAMGEESH","Skeena_Upper","North/Central BC","North/Central BC","NBC","NBC_SEAK"
"SLAMGEESH_RIVER","Skeena_Upper","North/Central BC","North/Central BC","NBC","NBC_SEAK"
"SQUINGULA","Skeena_Upper","North/Central BC","North/Central BC","NBC","NBC_SEAK"
"SQUINGULA_R","Skeena_Upper","North/Central BC","North/Central BC","NBC","NBC_SEAK"
"SUSTUT","Skeena_Upper","North/Central BC","North/Central BC","NBC","NBC_SEAK"
"CHRISTINA","Stikine","North/Central BC","North/Central BC","NBC","NBC_SEAK"
"CRAIG","Stikine","North/Central BC","North/Central BC","NBC","NBC_SEAK"
"CRAIG_RIVER","Stikine","North/Central BC","North/Central BC","NBC","NBC_SEAK"
"DWORSHAK_H","Stikine","North/Central BC","North/Central BC","NBC","NBC_SEAK"
"JOHNNY_TASHOOT","Stikine","North/Central BC","North/Central BC","NBC","NBC_SEAK"
"LITTLE_TAHLTAN","Stikine","North/Central BC","North/Central BC","NBC","NBC_SEAK"
"SHAKES_CR","Stikine","North/Central BC","North/Central BC","NBC","NBC_SEAK"
"SHAKES_CREEK","Stikine","North/Central BC","North/Central BC","NBC","NBC_SEAK"
"TAHLTAN_R","Stikine","North/Central BC","North/Central BC","NBC","NBC_SEAK"
"TUYA_R","Stikine","North/Central BC","North/Central BC","NBC","NBC_SEAK"
"VERRETT","Stikine","North/Central BC","North/Central BC","NBC","NBC_SEAK"
"DUDIDONTU","Taku","North/Central BC","North/Central BC","NBC","NBC_SEAK"
"DUDIDONTU_R","Taku","North/Central BC","North/Central BC","NBC","NBC_SEAK"
"DUDIDONTU_RIVER","Taku","North/Central BC","North/Central BC","NBC","NBC_SEAK"
"HACKETT_R","Taku","North/Central BC","North/Central BC","NBC","NBC_SEAK"
"KOWATUA","Taku","North/Central BC","North/Central BC","NBC","NBC_SEAK"
"LITTLE_TATSAM","Taku","North/Central BC","North/Central BC","NBC","NBC_SEAK"
"NAHLIN","Taku","North/Central BC","North/Central BC","NBC","NBC_SEAK"
"NAKINA","Taku","North/Central BC","North/Central BC","NBC","NBC_SEAK"
"TATSAMENIE","Taku","North/Central BC","North/Central BC","NBC","NBC_SEAK"
"TSETA","Taku","North/Central BC","North/Central BC","NBC","NBC_SEAK"
"YETH_CR","Taku","North/Central BC","North/Central BC","NBC","NBC_SEAK"
"BONAPARTE","Fraser_Spring_4.2","Fraser Early","Fraser River","SalSea","FR-early"
"BONAPARTE_RIVER","Fraser_Spring_4.2","Fraser Early","Fraser River","SalSea","FR-early"
"COLDWATER","Fraser_Spring_4.2","Fraser Early","Fraser River","SalSea","FR-early"
"COLDWATER_RIVER","Fraser_Spring_4.2","Fraser Early","Fraser River","SalSea","FR-early"
"COLDWATER_RIVER-UPPER","Fraser_Spring_4.2","Fraser Early","Fraser River","SalSea","FR-early"
"DEADMAN","Fraser_Spring_4.2","Fraser Early","Fraser River","SalSea","FR-early"
"DEADMAN_RIVER","Fraser_Spring_4.2","Fraser Early","Fraser River","SalSea","FR-early"
"LOUIS","Fraser_Spring_4.2","Fraser Early","Fraser River","SalSea","FR-early"
"NICOLA","Fraser_Spring_4.2","Fraser Early","Fraser River","SalSea","FR-early"
"NICOLA_RIVER","Fraser_Spring_4.2","Fraser Early","Fraser River","SalSea","FR-early"
"S-NICOLA R","Fraser_Spring_4.2","Fraser Early","Fraser River","SalSea","FR-early"
"SPIUS","Fraser_Spring_4.2","Fraser Early","Fraser River","SalSea","FR-early"
"SPIUS_CREEK","Fraser_Spring_4.2","Fraser Early","Fraser River","SalSea","FR-early"
"U_COLDWAT_SP","Fraser_Spring_4.2","Fraser Early","Fraser River","SalSea","FR-early"
"U_SPIUS_SP","Fraser_Spring_4.2","Fraser Early","Fraser River","SalSea","FR-early"
"BAEZAEKO","Fraser_Spring_5.2","Fraser Early","Fraser River","SalSea","FR-early"
"BAKER_CR","Fraser_Spring_5.2","Fraser Early","Fraser River","SalSea","FR-early"
"BAKER_CREEK","Fraser_Spring_5.2","Fraser Early","Fraser River","SalSea","FR-early"
"BIRKENHEAD","Fraser_Spring_5.2","Fraser Early","Fraser River","SalSea","FR-early"
"BIRKENHEAD_RIVER","Fraser_Spring_5.2","Fraser Early","Fraser River","SalSea","FR-early"
"BLUE","Fraser_Spring_5.2","Fraser Early","Fraser River","SalSea","FR-early"
"BLUE_CR","Fraser_Spring_5.2","Fraser Early","Fraser River","SalSea","FR-early"
"BLUE_CREEK","Fraser_Spring_5.2","Fraser Early","Fraser River","SalSea","FR-early"
"BLUE_RIVER","Fraser_Spring_5.2","Fraser Early","Fraser River","SalSea","FR-early"
"BLUECR_UPPITT","Fraser_Spring_5.2","Fraser Early","Fraser River","SalSea","FR-early"
"BOWRON","Fraser_Spring_5.2","Fraser Early","Fraser River","SalSea","FR-early"
"BOWRON_RIVER","Fraser_Spring_5.2","Fraser Early","Fraser River","SalSea","FR-early"
"BRIDGE","Fraser_Spring_5.2","Fraser Early","Fraser River","SalSea","FR-early"
"BRIDGE_RIVER","Fraser_Spring_5.2","Fraser Early","Fraser River","SalSea","FR-early"
"CARIBOO_RIVER","Fraser_Spring_5.2","Fraser Early","Fraser River","SalSea","FR-early"
"CARIBOO_RIVER-UPPER","Fraser_Spring_5.2","Fraser Early","Fraser River","SalSea","FR-early"
"CHILAKO","Fraser_Spring_5.2","Fraser Early","Fraser River","SalSea","FR-early"
"CHILCOTIN","Fraser_Spring_5.2","Fraser Early","Fraser River","SalSea","FR-early"
"CHILCOTIN_MIX","Fraser_Spring_5.2","Fraser Early","Fraser River","SalSea","FR-early"
"CHILCOTIN_RIVER-LOWER","Fraser_Spring_5.2","Fraser Early","Fraser River","SalSea","FR-early"
"CHILCOTIN_RIVER-UPPER","Fraser_Spring_5.2","Fraser Early","Fraser River","SalSea","FR-early"
"COTTONWOOD","Fraser_Spring_5.2","Fraser Early","Fraser River","SalSea","FR-early"
"COTTONWOOD_RIVER_LOWER","Fraser_Spring_5.2","Fraser Early","Fraser River","SalSea","FR-early"
"DOME","Fraser_Spring_5.2","Fraser Early","Fraser River","SalSea","FR-early"
"DOME_CREEK","Fraser_Spring_5.2","Fraser Early","Fraser River","SalSea","FR-early"
"ENDAKO","Fraser_Spring_5.2","Fraser Early","Fraser River","SalSea","FR-early"
"FINN","Fraser_Spring_5.2","Fraser Early","Fraser River","SalSea","FR-early"
"FINN_CREEK","Fraser_Spring_5.2","Fraser Early","Fraser River","SalSea","FR-early"
"FONTONIKO","Fraser_Spring_5.2","Fraser Early","Fraser River","SalSea","FR-early"
"FONTONIKO_CREEK","Fraser_Spring_5.2","Fraser Early","Fraser River","SalSea","FR-early"
"GOAT","Fraser_Spring_5.2","Fraser Early","Fraser River","SalSea","FR-early"
"GOAT_CR","Fraser_Spring_5.2","Fraser Early","Fraser River","SalSea","FR-early"
"GOAT_RIVER","Fraser_Spring_5.2","Fraser Early","Fraser River","SalSea","FR-early"
"HOLMES","Fraser_Spring_5.2","Fraser Early","Fraser River","SalSea","FR-early"
"HORSEFLY","Fraser_Spring_5.2","Fraser Early","Fraser River","SalSea","FR-early"
"HORSEFLY_RIVER","Fraser_Spring_5.2","Fraser Early","Fraser River","SalSea","FR-early"
"HORSEY","Fraser_Spring_5.2","Fraser Early","Fraser River","SalSea","FR-early"
"HORSEY_CREEK","Fraser_Spring_5.2","Fraser Early","Fraser River","SalSea","FR-early"
"INDIANPOINT","Fraser_Spring_5.2","Fraser Early","Fraser River","SalSea","FR-early"
"JAMES","Fraser_Spring_5.2","Fraser Early","Fraser River","SalSea","FR-early"
"KENNETH","Fraser_Spring_5.2","Fraser Early","Fraser River","SalSea","FR-early"
"KENNETH_CR","Fraser_Spring_5.2","Fraser Early","Fraser River","SalSea","FR-early"
"KENNETH_CREEK","Fraser_Spring_5.2","Fraser Early","Fraser River","SalSea","FR-early"
"L_CHILCOTI","Fraser_Spring_5.2","Fraser Early","Fraser River","SalSea","FR-early"
"MCGREGOR","Fraser_Spring_5.2","Fraser Early","Fraser River","SalSea","FR-early"
"MCGREGOR_RIVER","Fraser_Spring_5.2","Fraser Early","Fraser River","SalSea","FR-early"
"MORKILL","Fraser_Spring_5.2","Fraser Early","Fraser River","SalSea","FR-early"
"MORKILL_RIVER","Fraser_Spring_5.2","Fraser Early","Fraser River","SalSea","FR-early"
"NAZKO","Fraser_Spring_5.2","Fraser Early","Fraser River","SalSea","FR-early"
"NECHAKO","Fraser_Spring_5.2","Fraser Early","Fraser River","SalSea","FR-early"
"NEVIN","Fraser_Spring_5.2","Fraser Early","Fraser River","SalSea","FR-early"
"NEVIN_CR","Fraser_Spring_5.2","Fraser Early","Fraser River","SalSea","FR-early"
"PTARMIGAN","Fraser_Spring_5.2","Fraser Early","Fraser River","SalSea","FR-early"
"PTARMIGAN_CREEK","Fraser_Spring_5.2","Fraser Early","Fraser River","SalSea","FR-early"
"S-DOME CR","Fraser_Spring_5.2","Fraser Early","Fraser River","SalSea","FR-early"
"SALMON@PG","Fraser_Spring_5.2","Fraser Early","Fraser River","SalSea","FR-early"
"SLIM","Fraser_Spring_5.2","Fraser Early","Fraser River","SalSea","FR-early"
"SLIM_C","Fraser_Spring_5.2","Fraser Early","Fraser River","SalSea","FR-early"
"SLIM_CREEK","Fraser_Spring_5.2","Fraser Early","Fraser River","SalSea","FR-early"
"SWIFT","Fraser_Spring_5.2","Fraser Early","Fraser River","SalSea","FR-early"
"SWIFT_CREEK","Fraser_Spring_5.2","Fraser Early","Fraser River","SalSea","FR-early"
"TASEKO","Fraser_Spring_5.2","Fraser Early","Fraser River","SalSea","FR-early"
"TETE_JAUNE","Fraser_Spring_5.2","Fraser Early","Fraser River","SalSea","FR-early"
"TORPY","Fraser_Spring_5.2","Fraser Early","Fraser River","SalSea","FR-early"
"TORPY_RIVER","Fraser_Spring_5.2","Fraser Early","Fraser River","SalSea","FR-early"
"U_CARIBOO","Fraser_Spring_5.2","Fraser Early","Fraser River","SalSea","FR-early"
"U_CHILCOTIN","Fraser_Spring_5.2","Fraser Early","Fraser River","SalSea","FR-early"
"UPPER_PITT","Fraser_Spring_5.2","Fraser Early","Fraser River","SalSea","FR-early"
"WALKER","Fraser_Spring_5.2","Fraser Early","Fraser River","SalSea","FR-early"
"WEST_ROAD_(BLACKWATER)_RIVER","Fraser_Spring_5.2","Fraser Early","Fraser River","SalSea","FR-early"
"WEST_ROAD__BLACKWATER_RIVER","Fraser_Spring_5.2","Fraser Early","Fraser River","SalSea","FR-early"
"WESTROAD","Fraser_Spring_5.2","Fraser Early","Fraser River","SalSea","FR-early"
"WILLOW","Fraser_Spring_5.2","Fraser Early","Fraser River","SalSea","FR-early"
"WILLOW_R","Fraser_Spring_5.2","Fraser Early","Fraser River","SalSea","FR-early"
"WILLOW_RIVER","Fraser_Spring_5.2","Fraser Early","Fraser River","SalSea","FR-early"
"ADAMS_RIVER","Fraser_Summer_4.1","Fraser Early","Fraser River","SalSea","FR-early"
"BESSETTE","Fraser_Summer_4.1","Fraser Early","Fraser River","SalSea","FR-early"
"BESSETTE_CREEK","Fraser_Summer_4.1","Fraser Early","Fraser River","SalSea","FR-early"
"DUTEAU_CR","Fraser_Summer_4.1","Fraser Early","Fraser River","SalSea","FR-early"
"EAGLE","Fraser_Summer_4.1","Fraser Early","Fraser River","SalSea","FR-early"
"EAGLE_R","Fraser_Summer_4.1","Fraser Early","Fraser River","SalSea","FR-early"
"EAGLE_RIVER","Fraser_Summer_4.1","Fraser Early","Fraser River","SalSea","FR-early"
"GEORGE_ADAMS_H","Fraser_Summer_4.1","Fraser Early","Fraser River","SalSea","FR-early"
"L. THOMPSON","Fraser_Summer_4.1","Fraser Early","Fraser River","SalSea","FR-early"
"L_ADAMS","Fraser_Summer_4.1","Fraser Early","Fraser River","SalSea","FR-early"
"L_SHUS@U_ADAMS","Fraser_Summer_4.1","Fraser Early","Fraser River","SalSea","FR-early"
"L_SHUSWAP","Fraser_Summer_4.1","Fraser Early","Fraser River","SalSea","FR-early"
"L_THOMPSON","Fraser_Summer_4.1","Fraser Early","Fraser River","SalSea","FR-early"
"LITTLE","Fraser_Summer_4.1","Fraser Early","Fraser River","SalSea","FR-early"
"LITTLE_R","Fraser_Summer_4.1","Fraser Early","Fraser River","SalSea","FR-early"
"LITTLE_RIVER","Fraser_Summer_4.1","Fraser Early","Fraser River","SalSea","FR-early"
"M_SHUSWAP","Fraser_Summer_4.1","Fraser Early","Fraser River","SalSea","FR-early"
"MARIA_SLOUGH","Fraser_Summer_4.1","Fraser Early","Fraser River","SalSea","FR-early"
"NORTH_THOMPSON_RIVER","Fraser_Summer_4.1","Fraser Early","Fraser River","SalSea","FR-early"
"S-SALMON R/TOMF","Fraser_Summer_4.1","Fraser Early","Fraser River","SalSea","FR-early"
"S-SHUSWAP R LOW","Fraser_Summer_4.1","Fraser Early","Fraser River","SalSea","FR-early"
"S-SHUSWAP R MIDDLE","Fraser_Summer_4.1","Fraser Early","Fraser River","SalSea","FR-early"
"SALMON@SA","Fraser_Summer_4.1","Fraser Early","Fraser River","SalSea","FR-early"
"SALMON_RIVER","Fraser_Summer_4.1","Fraser Early","Fraser River","SalSea","FR-early"
"SEYMOUR@THOMP","Fraser_Summer_4.1","Fraser Early","Fraser River","SalSea","FR-early"
"SHUSWAP_RIVER-LOWER","Fraser_Summer_4.1","Fraser Early","Fraser River","SalSea","FR-early"
"SHUSWAP_RIVER-MIDDLE","Fraser_Summer_4.1","Fraser Early","Fraser River","SalSea","FR-early"
"SOUTH_THOM","Fraser_Summer_4.1","Fraser Early","Fraser River","SalSea","FR-early"
"SOUTH_THOMPSON_RIVER","Fraser_Summer_4.1","Fraser Early","Fraser River","SalSea","FR-early"
"THOMPSON_RIVER_BELOW_KAMLOOPS_LAKE","Fraser_Summer_4.1","Fraser Early","Fraser River","SalSea","FR-early"
"BARRIERE","Fraser_Summer_5.2","Fraser Early","Fraser River","SalSea","FR-early"
"BARRIERE_RIVER","Fraser_Summer_5.2","Fraser Early","Fraser River","SalSea","FR-early"
"BIG_SILVER","Fraser_Summer_5.2","Fraser Early","Fraser River","SalSea","FR-early"
"BIG_SILVER_CREEK","Fraser_Summer_5.2","Fraser Early","Fraser River","SalSea","FR-early"
"CHILKO","Fraser_Summer_5.2","Fraser Early","Fraser River","SalSea","FR-early"
"CHILKO_RIVER","Fraser_Summer_5.2","Fraser Early","Fraser River","SalSea","FR-early"
"CLEARWATER","Fraser_Summer_5.2","Fraser Early","Fraser River","SalSea","FR-early"
"CLEARWATER_RIVER","Fraser_Summer_5.2","Fraser Early","Fraser River","SalSea","FR-early"
"CLEARWATERRFA","Fraser_Summer_5.2","Fraser Early","Fraser River","SalSea","FR-early"
"ELKIN","Fraser_Summer_5.2","Fraser Early","Fraser River","SalSea","FR-early"
"ELKIN_CREEK","Fraser_Summer_5.2","Fraser Early","Fraser River","SalSea","FR-early"
"ELKIN_R","Fraser_Summer_5.2","Fraser Early","Fraser River","SalSea","FR-early"
"KUZKWA_CR","Fraser_Summer_5.2","Fraser Early","Fraser River","SalSea","FR-early"
"KUZKWA_RIVER","Fraser_Summer_5.2","Fraser Early","Fraser River","SalSea","FR-early"
"L_CARIBOO","Fraser_Summer_5.2","Fraser Early","Fraser River","SalSea","FR-early"
"LEMIEUX","Fraser_Summer_5.2","Fraser Early","Fraser River","SalSea","FR-early"
"LEMIEUX_CR","Fraser_Summer_5.2","Fraser Early","Fraser River","SalSea","FR-early"
"LEMIEUX_CREEK","Fraser_Summer_5.2","Fraser Early","Fraser River","SalSea","FR-early"
"N_THOM@MAIN","Fraser_Summer_5.2","Fraser Early","Fraser River","SalSea","FR-early"
"NECHAKO_RIVER","Fraser_Summer_5.2","Fraser Early","Fraser River","SalSea","FR-early"
"QUESNEL","Fraser_Summer_5.2","Fraser Early","Fraser River","SalSea","FR-early"
"QUESNEL_RIVER","Fraser_Summer_5.2","Fraser Early","Fraser River","SalSea","FR-early"
"RAFT","Fraser_Summer_5.2","Fraser Early","Fraser River","SalSea","FR-early"
"RAFT_R","Fraser_Summer_5.2","Fraser Early","Fraser River","SalSea","FR-early"
"RAFT_RIVER","Fraser_Summer_5.2","Fraser Early","Fraser River","SalSea","FR-early"
"S-CHILKO R","Fraser_Summer_5.2","Fraser Early","Fraser River","SalSea","FR-early"
"SLOQUET_CR","Fraser_Summer_5.2","Fraser Early","Fraser River","SalSea","FR-early"
"SLOQUET_CREEK","Fraser_Summer_5.2","Fraser Early","Fraser River","SalSea","FR-early"
"STUART","Fraser_Summer_5.2","Fraser Early","Fraser River","SalSea","FR-early"
"STUART_RIVER","Fraser_Summer_5.2","Fraser Early","Fraser River","SalSea","FR-early"
"CHILLIWAC@STAV","Fraser_Fall","Fraser Late","Fraser River","SalSea","FR-late"
"CHILLIWACK_F","Fraser_Fall","Fraser Late","Fraser River","SalSea","FR-late"
"CHILLIWACK_RIVER_FALL","Fraser_Fall","Fraser Late","Fraser River","SalSea","FR-late"
"CHILLIWACK_VEDDER_RIVER","Fraser_Fall","Fraser Late","Fraser River","SalSea","FR-late"
"FINCH CR     16.0222","Fraser_Fall","Fraser Late","Fraser River","SalSea","FR-late"
"HARRISON","Fraser_Fall","Fraser Late","Fraser River","SalSea","FR-late"
"HARRISON_RIVER","Fraser_Fall","Fraser Late","Fraser River","SalSea","FR-late"
"NAHATLATCH_R","Fraser_Fall","Fraser Late","Fraser River","SalSea","FR-late"
"NAHATLATCH_RIVER","Fraser_Fall","Fraser Late","Fraser River","SalSea","FR-late"
"PORTAGE","Fraser_Fall","Fraser Late","Fraser River","SalSea","FR-late"
"PORTAGE_C","Fraser_Fall","Fraser Late","Fraser River","SalSea","FR-late"
"PORTAGE_CREEK","Fraser_Fall","Fraser Late","Fraser River","SalSea","FR-late"
"R_CHILLIWACK","Fraser_Fall","Fraser Late","Fraser River","SalSea","FR-late"
"S-CHILLIWACK R","Fraser_Fall","Fraser Late","Fraser River","SalSea","FR-late"
"S-HARRISON R","Fraser_Fall","Fraser Late","Fraser River","SalSea","FR-late"
"S-INCH CR","Fraser_Fall","Fraser Late","Fraser River","SalSea","FR-late"
"SERPENTINE","Fraser_Fall","Fraser Late","Fraser River","SalSea","FR-late"
"STAVE_RIVER","Fraser_Fall","Fraser Late","Fraser River","SalSea","FR-late"
"W_CHILLIWACK","Fraser_Fall","Fraser Late","Fraser River","SalSea","FR-late"
"CAPILANO","SOMN","SOMN","Fraser River","SalSea","FR-early"
"BEAR_CR_SUFA","C_Puget_Sound","Central Puget Sound Fall","Puget Sound","SalSea","PSD"
"BIG SOOS CR  09.0072","C_Puget_Sound","Central Puget Sound Fall","Puget Sound","SalSea","PSD"
"CEDAR_EARLY","C_Puget_Sound","Central Puget Sound Fall","Puget Sound","SalSea","PSD"
"CEDAR_R_SUFA","C_Puget_Sound","Central Puget Sound Fall","Puget Sound","SalSea","PSD"
"CLARKS CR    10.0027","C_Puget_Sound","Central Puget Sound Fall","Puget Sound","SalSea","PSD"
"GROVERS CR   15.0299","C_Puget_Sound","Central Puget Sound Fall","Puget Sound","SalSea","PSD"
"ISSAQUAH CR  08.0178","C_Puget_Sound","Central Puget Sound Fall","Puget Sound","SalSea","PSD"
"PORTAGE BAY STOCK UW","C_Puget_Sound","Central Puget Sound Fall","Puget Sound","SalSea","PSD"
"SKYKOMISH_R","C_Puget_Sound","Central Puget Sound Fall","Puget Sound","SalSea","PSD"
"SKYKOMISH_RIVER","C_Puget_Sound","Central Puget Sound Fall","Puget Sound","SalSea","PSD"
"VOIGHT CR    10.0414","C_Puget_Sound","Central Puget Sound Fall","Puget Sound","SalSea","PSD"
"WHITE R      10.0031","C_Puget_Sound","Central Puget Sound Fall","Puget Sound","SalSea","PSD"
"WHITE_F","C_Puget_Sound","Central Puget Sound Fall","Puget Sound","SalSea","PSD"
"WHITE_H","C_Puget_Sound","Central Puget Sound Fall","Puget Sound","SalSea","PSD"
"WHITE_RIVER","C_Puget_Sound","Central Puget Sound Fall","Puget Sound","SalSea","PSD"
"GEORGE ADAMS (PURDY)","Hood_Canal","Hood Canal","Puget Sound","SalSea","PSD"
"HAMMA HAMMA  16.0251","Hood_Canal","Hood Canal","Puget Sound","SalSea","PSD"
"HAMMA_HAMMA_R","Hood_Canal","Hood Canal","Puget Sound","SalSea","PSD"
"NF_SKOKOMISH_F","Hood_Canal","Hood Canal","Puget Sound","SalSea","PSD"
"SKOKOMISH R  16.0001","Hood_Canal","Hood Canal","Puget Sound","SalSea","PSD"
"GLENWOOD SPRINGS","N_Puget_Sound","North Puget Sound Fall","Puget Sound","SalSea","PSD"
"L_SAUK_R","N_Puget_Sound","North Puget Sound Fall","Puget Sound","SalSea","PSD"
"L_SKAGIT_R_FA","N_Puget_Sound","North Puget Sound Fall","Puget Sound","SalSea","PSD"
"LITTLECAMPBELL","N_Puget_Sound","North Puget Sound Fall","Puget Sound","SalSea","PSD"
"MARBLEMOUNT HATCH","N_Puget_Sound","North Puget Sound Fall","Puget Sound","SalSea","PSD"
"MARBLEMOUNT_HSP","N_Puget_Sound","North Puget Sound Fall","Puget Sound","SalSea","PSD"
"MARBLEMOUNT_HSU","N_Puget_Sound","North Puget Sound Fall","Puget Sound","SalSea","PSD"
"NF_NOOKSACK_H","N_Puget_Sound","North Puget Sound Fall","Puget Sound","SalSea","PSD"
"NOOKSACK -SF 01.0246","N_Puget_Sound","North Puget Sound Fall","Puget Sound","SalSea","PSD"
"NOOKSACK R   01.0120","N_Puget_Sound","North Puget Sound Fall","Puget Sound","SalSea","PSD"
"NOOKSACK_RIVER","N_Puget_Sound","North Puget Sound Fall","Puget Sound","SalSea","PSD"
"SAMISH   (FRIDAY CR)","N_Puget_Sound","North Puget Sound Fall","Puget Sound","SalSea","PSD"
"SAMISH HATCHERY","N_Puget_Sound","North Puget Sound Fall","Puget Sound","SalSea","PSD"
"SAMISH R     03.0005","N_Puget_Sound","North Puget Sound Fall","Puget Sound","SalSea","PSD"
"SAMISH_H","N_Puget_Sound","North Puget Sound Fall","Puget Sound","SalSea","PSD"
"SKAGIT R     03.0176","N_Puget_Sound","North Puget Sound Fall","Puget Sound","SalSea","PSD"
"SKAGIT_R","N_Puget_Sound","North Puget Sound Fall","Puget Sound","SalSea","PSD"
"SKAGIT_RIVER","N_Puget_Sound","North Puget Sound Fall","Puget Sound","SalSea","PSD"
"SKOOKUM CR   01.0273","N_Puget_Sound","North Puget Sound Fall","Puget Sound","SalSea","PSD"
"SKYKOMISH R  07.0012","N_Puget_Sound","North Puget Sound Fall","Puget Sound","SalSea","PSD"
"SNOHOMISH R  07.0012","N_Puget_Sound","North Puget Sound Fall","Puget Sound","SalSea","PSD"
"SNOHOMISH_R","N_Puget_Sound","North Puget Sound Fall","Puget Sound","SalSea","PSD"
"SNOHOMISH_RIVER","N_Puget_Sound","North Puget Sound Fall","Puget Sound","SalSea","PSD"
"STILLAGUAMISH R","N_Puget_Sound","North Puget Sound Fall","Puget Sound","SalSea","PSD"
"STILLAGUAMISH R -NF","N_Puget_Sound","North Puget Sound Fall","Puget Sound","SalSea","PSD"
"STILLAGUAMISH_RIVER","N_Puget_Sound","North Puget Sound Fall","Puget Sound","SalSea","PSD"
"STILLAGUAMISHS","N_Puget_Sound","North Puget Sound Fall","Puget Sound","SalSea","PSD"
"U_SAUK_R","N_Puget_Sound","North Puget Sound Fall","Puget Sound","SalSea","PSD"
"U_SAUK_R_SPSU","N_Puget_Sound","North Puget Sound Fall","Puget Sound","SalSea","PSD"
"U_SKAGIT_R","N_Puget_Sound","North Puget Sound Fall","Puget Sound","SalSea","PSD"
"WALLACE R    07.0940","N_Puget_Sound","North Puget Sound Fall","Puget Sound","SalSea","PSD"
"WALLACE R + SAMISH","N_Puget_Sound","North Puget Sound Fall","Puget Sound","SalSea","PSD"
"NOOKSACK_SP@KE","N_Puget_Sound","Puget Sound Spring","Puget Sound","SalSea","PSD"
"SKYKOMISH_SU","C_Puget_Sound","Puget Sound Summer","Puget Sound","SalSea","PSD"
"SKAGIT_SU","N_Puget_Sound","Puget Sound Summer","Puget Sound","SalSea","PSD"
"CHAMBERS CR  12.0007","S_Puget_Sound","South Puget Sound Fall","Puget Sound","SalSea","PSD"
"CLE_ELM_HATCH","S_Puget_Sound","South Puget Sound Fall","Puget Sound","SalSea","PSD"
"CLEAR CR    11.0013C","S_Puget_Sound","South Puget Sound Fall","Puget Sound","SalSea","PSD"
"DESCHUTES R  13.0028","S_Puget_Sound","South Puget Sound Fall","Puget Sound","SalSea","PSD"
"GREEN","S_Puget_Sound","South Puget Sound Fall","Puget Sound","SalSea","PSD"
"GREEN@KENDAL_F","S_Puget_Sound","South Puget Sound Fall","Puget Sound","SalSea","PSD"
"GREEN_F@SOOS","S_Puget_Sound","South Puget Sound Fall","Puget Sound","SalSea","PSD"
"GREEN_R_FA","S_Puget_Sound","South Puget Sound Fall","Puget Sound","SalSea","PSD"
"GREEN_RIVER","S_Puget_Sound","South Puget Sound Fall","Puget Sound","SalSea","PSD"
"GREEN_RIVER-KENDAL","S_Puget_Sound","South Puget Sound Fall","Puget Sound","SalSea","PSD"
"GROVERS_CR_H","S_Puget_Sound","South Puget Sound Fall","Puget Sound","SalSea","PSD"
"HUPP_SP_H","S_Puget_Sound","South Puget Sound Fall","Puget Sound","SalSea","PSD"
"KALAMA CR    11.0017","S_Puget_Sound","South Puget Sound Fall","Puget Sound","SalSea","PSD"
"MINTER CR    15.0048","S_Puget_Sound","South Puget Sound Fall","Puget Sound","SalSea","PSD"
"MINTER CR HATCHERY","S_Puget_Sound","South Puget Sound Fall","Puget Sound","SalSea","PSD"
"NISQUALLY R  11.0008","S_Puget_Sound","South Puget Sound Fall","Puget Sound","SalSea","PSD"
"S_PRAIRIE_CR","S_Puget_Sound","South Puget Sound Fall","Puget Sound","SalSea","PSD"
"SOOS_CR_H","S_Puget_Sound","South Puget Sound Fall","Puget Sound","SalSea","PSD"
"SOOS_CREEK","S_Puget_Sound","South Puget Sound Fall","Puget Sound","SalSea","PSD"
"SOOS_H","S_Puget_Sound","South Puget Sound Fall","Puget Sound","SalSea","PSD"
"TUMWATER FALLS HATCHERY","S_Puget_Sound","South Puget Sound Fall","Puget Sound","SalSea","PSD"
"UW_H_SUFA","S_Puget_Sound","South Puget Sound Fall","Puget Sound","SalSea","PSD"
"VOIGHTS_H","S_Puget_Sound","South Puget Sound Fall","Puget Sound","SalSea","PSD"
"BIG_QUALICUM","ECVI","Lower Strait of Georgia/Lower GS Hatchery","SOG","SalSea","SOG"
"CAMPBELL_RIVER","ECVI","Lower Strait of Georgia/Lower GS Hatchery","SOG","SalSea","SOG"
"CHEMAINUS","ECVI","Lower Strait of Georgia/Lower GS Hatchery","SOG","SalSea","SOG"
"CHEMAINUS_RIVER","ECVI","Lower Strait of Georgia/Lower GS Hatchery","SOG","SalSea","SOG"
"COWICHAN","ECVI","Lower Strait of Georgia/Lower GS Hatchery","SOG","SalSea","SOG"
"COWICHAN_RIVER","ECVI","Lower Strait of Georgia/Lower GS Hatchery","SOG","SalSea","SOG"
"L_QUALICUM","ECVI","Lower Strait of Georgia/Lower GS Hatchery","SOG","SalSea","SOG"
"LITTLE_QUALICUM_RIVER","ECVI","Lower Strait of Georgia/Lower GS Hatchery","SOG","SalSea","SOG"
"NANAIMO","ECVI","Lower Strait of Georgia/Lower GS Hatchery","SOG","SalSea","SOG"
"NANAIMO_F","ECVI","Lower Strait of Georgia/Lower GS Hatchery","SOG","SalSea","SOG"
"NANAIMO_RIVER-UPPER","ECVI","Lower Strait of Georgia/Lower GS Hatchery","SOG","SalSea","SOG"
"NANAIMO_RIVER_F","ECVI","Lower Strait of Georgia/Lower GS Hatchery","SOG","SalSea","SOG"
"NANAIMO_RIVER_S","ECVI","Lower Strait of Georgia/Lower GS Hatchery","SOG","SalSea","SOG"
"NANAIMO_RIVER_SUMMER","ECVI","Lower Strait of Georgia/Lower GS Hatchery","SOG","SalSea","SOG"
"NANAIMO_SP","ECVI","Lower Strait of Georgia/Lower GS Hatchery","SOG","SalSea","SOG"
"NANAIMO_SU","ECVI","Lower Strait of Georgia/Lower GS Hatchery","SOG","SalSea","SOG"
"NANAIMOSU_BACKX","ECVI","Lower Strait of Georgia/Lower GS Hatchery","SOG","SalSea","SOG"
"NANAIMOUPPER","ECVI","Lower Strait of Georgia/Lower GS Hatchery","SOG","SalSea","SOG"
"PUNTLED_SU","ECVI","Lower Strait of Georgia/Lower GS Hatchery","SOG","SalSea","SOG"
"PUNTLEDGE_BACKX","ECVI","Lower Strait of Georgia/Lower GS Hatchery","SOG","SalSea","SOG"
"PUNTLEDGE_F","ECVI","Lower Strait of Georgia/Lower GS Hatchery","SOG","SalSea","SOG"
"PUNTLEDGE_RIVER","ECVI","Lower Strait of Georgia/Lower GS Hatchery","SOG","SalSea","SOG"
"PUNTLEDGE_RIVER(FALL)","ECVI","Lower Strait of Georgia/Lower GS Hatchery","SOG","SalSea","SOG"
"PUNTLEDGE_RIVER_FALL","ECVI","Lower Strait of Georgia/Lower GS Hatchery","SOG","SalSea","SOG"
"PUNTLEDGE_SU","ECVI","Lower Strait of Georgia/Lower GS Hatchery","SOG","SalSea","SOG"
"PUNTLEDGESUM","ECVI","Lower Strait of Georgia/Lower GS Hatchery","SOG","SalSea","SOG"
"QUALICUM_RIVER","ECVI","Lower Strait of Georgia/Lower GS Hatchery","SOG","SalSea","SOG"
"QUATSE","ECVI","Lower Strait of Georgia/Lower GS Hatchery","SOG","SalSea","SOG"
"QUATSE_RIVER","ECVI","Lower Strait of Georgia/Lower GS Hatchery","SOG","SalSea","SOG"
"S-BIG QUALICUM R","ECVI","Lower Strait of Georgia/Lower GS Hatchery","SOG","SalSea","SOG"
"S-CHEMAINUS R","ECVI","Lower Strait of Georgia/Lower GS Hatchery","SOG","SalSea","SOG"
"S-COWICHAN R","ECVI","Lower Strait of Georgia/Lower GS Hatchery","SOG","SalSea","SOG"
"S-L QUALICUM R","ECVI","Lower Strait of Georgia/Lower GS Hatchery","SOG","SalSea","SOG"
"S-NANAIMO R","ECVI","Lower Strait of Georgia/Lower GS Hatchery","SOG","SalSea","SOG"
"S-PUNTLEDGE R","ECVI","Lower Strait of Georgia/Lower GS Hatchery","SOG","SalSea","SOG"
"S-WOSS R","ECVI","Lower Strait of Georgia/Lower GS Hatchery","SOG","SalSea","SOG"
"SNOQUALMIE_R","ECVI","Lower Strait of Georgia/Lower GS Hatchery","SOG","SalSea","SOG"
"WOSS_LAKE","ECVI","Lower Strait of Georgia/Lower GS Hatchery","SOG","SalSea","SOG"
"WOSS_RIVER","ECVI","Lower Strait of Georgia/Lower GS Hatchery","SOG","SalSea","SOG"
"ASHLULM","SOMN","Lower Strait of Georgia/Lower GS Hatchery","SOG","SalSea","SOG"
"CAPILANO_RIVER","SOMN","Lower Strait of Georgia/Lower GS Hatchery","SOG","SalSea","SOG"
"CHEAKAMUS","SOMN","Lower Strait of Georgia/Lower GS Hatchery","SOG","SalSea","SOG"
"CHEAKAMUS_F","SOMN","Lower Strait of Georgia/Lower GS Hatchery","SOG","SalSea","SOG"
"CHEAKAMUS_RIVER","SOMN","Lower Strait of Georgia/Lower GS Hatchery","SOG","SalSea","SOG"
"CHEAKAMUS_RIVER-TENDERFOOT","SOMN","Lower Strait of Georgia/Lower GS Hatchery","SOG","SalSea","SOG"
"CHEAKAMUS_RIVER_FALL","SOMN","Lower Strait of Georgia/Lower GS Hatchery","SOG","SalSea","SOG"
"CHEAKAMUS_RIVER_SUMMER","SOMN","Lower Strait of Georgia/Lower GS Hatchery","SOG","SalSea","SOG"
"CHEAKAMUS_SU","SOMN","Lower Strait of Georgia/Lower GS Hatchery","SOG","SalSea","SOG"
"DEVEREUX_CREEK","SOMN","Lower Strait of Georgia/Lower GS Hatchery","SOG","SalSea","SOG"
"KLINAKLINI_RIVER","SOMN","Lower Strait of Georgia/Lower GS Hatchery","SOG","SalSea","SOG"
"MAMQUAM","SOMN","Lower Strait of Georgia/Lower GS Hatchery","SOG","SalSea","SOG"
"MAMQUAM_RIVER","SOMN","Lower Strait of Georgia/Lower GS Hatchery","SOG","SalSea","SOG"
"PHILLIPS","SOMN","Lower Strait of Georgia/Lower GS Hatchery","SOG","SalSea","SOG"
"PHILLIPS_RIVER","SOMN","Lower Strait of Georgia/Lower GS Hatchery","SOG","SalSea","SOG"
"PORTEAU_COVE","SOMN","Lower Strait of Georgia/Lower GS Hatchery","SOG","SalSea","SOG"
"S-ASHLU CR","SOMN","Lower Strait of Georgia/Lower GS Hatchery","SOG","SalSea","SOG"
"S-CHEAKAMUS R","SOMN","Lower Strait of Georgia/Lower GS Hatchery","SOG","SalSea","SOG"
"S-MAMQUAM R","SOMN","Lower Strait of Georgia/Lower GS Hatchery","SOG","SalSea","SOG"
"S-PHILLIPS R","SOMN","Lower Strait of Georgia/Lower GS Hatchery","SOG","SalSea","SOG"
"S-PORTEAU CV","SOMN","Lower Strait of Georgia/Lower GS Hatchery","SOG","SalSea","SOG"
"S-SHOVELNOSE CR","SOMN","Lower Strait of Georgia/Lower GS Hatchery","SOG","SalSea","SOG"
"SHOVELNOSE_CREEK","SOMN","Lower Strait of Georgia/Lower GS Hatchery","SOG","SalSea","SOG"
"SQUAMISH","SOMN","Lower Strait of Georgia/Lower GS Hatchery","SOG","SalSea","SOG"
"SQUAMISH_RIVER","SOMN","Lower Strait of Georgia/Lower GS Hatchery","SOG","SalSea","SOG"
"TENDERFOOT_CREEK","SOMN","Lower Strait of Georgia/Lower GS Hatchery","SOG","SalSea","SOG"
"QUINSAM","ECVI","Upper Strait of Georgia","SOG","SalSea","SOG"
"QUINSAM_RIVER","ECVI","Upper Strait of Georgia","SOG","SalSea","SOG"
"S-QUINSAM R","ECVI","Upper Strait of Georgia","SOG","SalSea","SOG"
"BUTE","SOMN","Upper Strait of Georgia","SOG","SalSea","SOG"
"DEVEREUX","SOMN","Upper Strait of Georgia","SOG","SalSea","SOG"
"HOMATHKO","SOMN","Upper Strait of Georgia","SOG","SalSea","SOG"
"KLINAKLINI","SOMN","Upper Strait of Georgia","SOG","SalSea","SOG"
"BIG_BOULDER_C","Alaska","Alaska South SE","Alaska South SE","SEAK","NBC_SEAK"
"DECEPTION CR 247-41","Alaska","Alaska South SE","Alaska South SE","SEAK","NBC_SEAK"
"KING_SALMON","Alaska","Alaska South SE","Alaska South SE","SEAK","NBC_SEAK"
"SITUK","Alaska","Alaska South SE","Alaska South SE","SEAK","NBC_SEAK"
"TAHINI","Alaska","Alaska South SE","Alaska South SE","SEAK","NBC_SEAK"
"UNUK","Alaska","Alaska South SE","Alaska South SE","SEAK","NBC_SEAK"
"WHITMAN LAKE H","Alaska","Alaska South SE","Alaska South SE","SEAK","NBC_SEAK"
"KLUKSHU_R","N_Gulf_Coast_Alsek_R","Alaska South SE","Alaska South SE","SEAK","NBC_SEAK"
"SITUK_R","N_Gulf_Coast_Situk_R","Alaska South SE","Alaska South SE","SEAK","NBC_SEAK"
"BIG_BOULDER_CR","NSE_Alaska_Chilkat_R","Alaska South SE","Alaska South SE","SEAK","NBC_SEAK"
"TAHINI_R","NSE_Alaska_Chilkat_R","Alaska South SE","Alaska South SE","SEAK","NBC_SEAK"
"KING_SALMON_R","NSE_Alaska_King_Salmon_R","Alaska South SE","Alaska South SE","SEAK","NBC_SEAK"
"CHICKAMIN","SSE_Alaska","Alaska South SE","Alaska South SE","SEAK","NBC_SEAK"
"CHICKAMIN_H","SSE_Alaska","Alaska South SE","Alaska South SE","SEAK","NBC_SEAK"
"CHICKAMIN_R","SSE_Alaska","Alaska South SE","Alaska South SE","SEAK","NBC_SEAK"
"CRIPPLE_CR","SSE_Alaska","Alaska South SE","Alaska South SE","SEAK","NBC_SEAK"
"KETA_R","SSE_Alaska","Alaska South SE","Alaska South SE","SEAK","NBC_SEAK"
"KING_CR","SSE_Alaska","Alaska South SE","Alaska South SE","SEAK","NBC_SEAK"
"ANDREW_CR","SSE_Alaska_Stikine_R","Alaska South SE","Alaska South SE","SEAK","NBC_SEAK"
"ANDREW_CREEK","SSE_Alaska_Stikine_R","Alaska South SE","Alaska South SE","SEAK","NBC_SEAK"
"ANDREW_CRYH","SSE_Alaska_Stikine_R","Alaska South SE","Alaska South SE","SEAK","NBC_SEAK"
"ANDREW_MEDH","SSE_Alaska_Stikine_R","Alaska South SE","Alaska South SE","SEAK","NBC_SEAK"
"KOWATUA_CR","Taku_R","Alaska South SE","Alaska South SE","SEAK","NBC_SEAK"
"LITTLE_TRAPPER","Taku_R","Alaska South SE","Alaska South SE","SEAK","NBC_SEAK"
"NAHLIN_R_U","Taku_R","Alaska South SE","Alaska South SE","SEAK","NBC_SEAK"
"NAKINA_R","Taku_R","Alaska South SE","Alaska South SE","SEAK","NBC_SEAK"
"TATSATUA_CR","Taku_R","Alaska South SE","Alaska South SE","SEAK","NBC_SEAK"
"U_NAHLIN_R","Taku_R","Alaska South SE","Alaska South SE","SEAK","NBC_SEAK"
"L_TAHLTAN_R","U_Stikine_R","Alaska South SE","Alaska South SE","SEAK","NBC_SEAK"
"8702GOLD","WCVI","West Coast Hatchery","WCVI","WCVI","WCVI"
"GOLD(83-86)","WCVI","West Coast Hatchery","WCVI","WCVI","WCVI"
"GOLD_R","WCVI","West Coast Hatchery","WCVI","WCVI","WCVI"
"ROB@GOLD","WCVI","West Coast Hatchery","WCVI","WCVI","WCVI"
"TOQUART","WCVI","West Coast Hatchery","WCVI","WCVI","WCVI"
"TOQUART RIVER","WCVI","West Coast Hatchery","WCVI","WCVI","WCVI"
"TOQUART_RIVER","WCVI","West Coast Hatchery","WCVI","WCVI","WCVI"
"ARTLISH_RIVER","WCVI","West Coast Wild","WCVI","WCVI","WCVI"
"BEDWELL_RIVER","WCVI","West Coast Wild","WCVI","WCVI","WCVI"
"BURMAN","WCVI","West Coast Wild","WCVI","WCVI","WCVI"
"BURMAN_RIVER","WCVI","West Coast Wild","WCVI","WCVI","WCVI"
"COLONIAL_CAY","WCVI","West Coast Wild","WCVI","WCVI","WCVI"
"CONUMA","WCVI","West Coast Wild","WCVI","WCVI","WCVI"
"CONUMA_RIVER","WCVI","West Coast Wild","WCVI","WCVI","WCVI"
"CYPRE_RIVER","WCVI","West Coast Wild","WCVI","WCVI","WCVI"
"GORDON_R","WCVI","West Coast Wild","WCVI","WCVI","WCVI"
"GORDON_RIVER","WCVI","West Coast Wild","WCVI","WCVI","WCVI"
"KAOUK_R","WCVI","West Coast Wild","WCVI","WCVI","WCVI"
"KAOUK_RIVER","WCVI","West Coast Wild","WCVI","WCVI","WCVI"
"KENNEDY","WCVI","West Coast Wild","WCVI","WCVI","WCVI"
"KENNEDY_RIVER-LOWER","WCVI","West Coast Wild","WCVI","WCVI","WCVI"
"LEINER_R","WCVI","West Coast Wild","WCVI","WCVI","WCVI"
"LEINER_RIVER","WCVI","West Coast Wild","WCVI","WCVI","WCVI"
"MARBLE@NVI","WCVI","West Coast Wild","WCVI","WCVI","WCVI"
"MARBLE_RIVER","WCVI","West Coast Wild","WCVI","WCVI","WCVI"
"MEGIN","WCVI","West Coast Wild","WCVI","WCVI","WCVI"
"MEGIN_R","WCVI","West Coast Wild","WCVI","WCVI","WCVI"
"MEGIN_RIVER","WCVI","West Coast Wild","WCVI","WCVI","WCVI"
"MOYEHA_R","WCVI","West Coast Wild","WCVI","WCVI","WCVI"
"MOYEHA_RIVER","WCVI","West Coast Wild","WCVI","WCVI","WCVI"
"NAHMINT","WCVI","West Coast Wild","WCVI","WCVI","WCVI"
"NAHMINT_RIVER","WCVI","West Coast Wild","WCVI","WCVI","WCVI"
"NITINAT","WCVI","West Coast Wild","WCVI","WCVI","WCVI"
"NITINAT_RIVER","WCVI","West Coast Wild","WCVI","WCVI","WCVI"
"ROBERTSON","WCVI","West Coast Wild","WCVI","WCVI","WCVI"
"ROBERTSON_CREEK","WCVI","West Coast Wild","WCVI","WCVI","WCVI"
"S-BEDWELL R","WCVI","West Coast Wild","WCVI","WCVI","WCVI"
"S-BURMAN R","WCVI","West Coast Wild","WCVI","WCVI","WCVI"
"S-CONUMA R","WCVI","West Coast Wild","WCVI","WCVI","WCVI"
"S-MARBLE R","WCVI","West Coast Wild","WCVI","WCVI","WCVI"
"S-NAHMINT R","WCVI","West Coast Wild","WCVI","WCVI","WCVI"
"S-NITINAT R","WCVI","West Coast Wild","WCVI","WCVI","WCVI"
"S-ROBERTSON CR","WCVI","West Coast Wild","WCVI","WCVI","WCVI"
"S-SAN JUAN R","WCVI","West Coast Wild","WCVI","WCVI","WCVI"
"S-SARITA R","WCVI","West Coast Wild","WCVI","WCVI","WCVI"
"S-SOOKE R","WCVI","West Coast Wild","WCVI","WCVI","WCVI"
"SAN_JUAN","WCVI","West Coast Wild","WCVI","WCVI","WCVI"
"SAN_JUAN_RIVER","WCVI","West Coast Wild","WCVI","WCVI","WCVI"
"SARITA","WCVI","West Coast Wild","WCVI","WCVI","WCVI"
"SARITA_RIVER","WCVI","West Coast Wild","WCVI","WCVI","WCVI"
"SOOKE","WCVI","West Coast Wild","WCVI","WCVI","WCVI"
"SOOKE_RIVER","WCVI","West Coast Wild","WCVI","WCVI","WCVI"
"STAMP","WCVI","West Coast Wild","WCVI","WCVI","WCVI"
"STAMP_RIVER-ABOVE_FALLS","WCVI","West Coast Wild","WCVI","WCVI","WCVI"
"TAHSIS","WCVI","West Coast Wild","WCVI","WCVI","WCVI"
"TAHSIS_RIVER","WCVI","West Coast Wild","WCVI","WCVI","WCVI"
"TAHSISH_RIVER","WCVI","West Coast Wild","WCVI","WCVI","WCVI"
"THORNTON","WCVI","West Coast Wild","WCVI","WCVI","WCVI"
"THORNTON_CREEK","WCVI","West Coast Wild","WCVI","WCVI","WCVI"
"TLUPANA","WCVI","West Coast Wild","WCVI","WCVI","WCVI"
"TLUPANA_RIVER","WCVI","West Coast Wild","WCVI","WCVI","WCVI"
"TRANQUIL","WCVI","West Coast Wild","WCVI","WCVI","WCVI"
"TRANQUIL_CREEK","WCVI","West Coast Wild","WCVI","WCVI","WCVI"
"UNUSED","WCVI","West Coast Wild","WCVI","WCVI","WCVI"
"ZEBALLOS","WCVI","West Coast Wild","WCVI","WCVI","WCVI"
"ZEBALLOS_RIVER","WCVI","West Coast Wild","WCVI","WCVI","WCVI"
