"stock","cwt_hatchery","Region1Name","Region2Name","Region3Name","Region4Name","id_type"
"EEL_F",NA,"California_Coast","California","Oregon/California","CoastUS","gsi"
"EEL_R",NA,"California_Coast","California","Oregon/California","CoastUS","gsi"
"RUSSIAN_R",NA,"California_Coast","California","Oregon/California","CoastUS","gsi"
"AMERICAN",NA,"Central_Valley_fa","California","Oregon/California","CoastUS","gsi"
"AMERICAN_R",NA,"Central_Valley_fa","California","Oregon/California","CoastUS","gsi"
"AMERICAN_RIVER",NA,"Central_Valley_fa","California","Oregon/California","CoastUS","gsi"
"BATTLE_CR",NA,"Central_Valley_fa","California","Oregon/California","CoastUS","gsi"
"BATTLE_CREEK",NA,"Central_Valley_fa","California","Oregon/California","CoastUS","gsi"
"BUTTE_CR_F",NA,"Central_Valley_fa","California","Oregon/California","CoastUS","gsi"
"BUTTE_F",NA,"Central_Valley_fa","California","Oregon/California","CoastUS","gsi"
"CLEAR_CR",NA,"Central_Valley_fa","California","Oregon/California","CoastUS","gsi"
"CLEAR_CR_H",NA,"Central_Valley_fa","California","Oregon/California","CoastUS","gsi"
"FEATHER_F",NA,"Central_Valley_fa","California","Oregon/California","CoastUS","gsi"
"FEATHER_H_FA",NA,"Central_Valley_fa","California","Oregon/California","CoastUS","gsi"
"MERCED",NA,"Central_Valley_fa","California","Oregon/California","CoastUS","gsi"
"MOKELUMNE",NA,"Central_Valley_fa","California","Oregon/California","CoastUS","gsi"
"SACR_F",NA,"Central_Valley_fa","California","Oregon/California","CoastUS","gsi"
"SACR_LF",NA,"Central_Valley_fa","California","Oregon/California","CoastUS","gsi"
"STANISLAUS",NA,"Central_Valley_fa","California","Oregon/California","CoastUS","gsi"
"STANISLAUS_R",NA,"Central_Valley_fa","California","Oregon/California","CoastUS","gsi"
"TOULUMNE",NA,"Central_Valley_fa","California","Oregon/California","CoastUS","gsi"
"YUBA",NA,"Central_Valley_fa","California","Oregon/California","CoastUS","gsi"
"YUBA_SP",NA,"Central_Valley_fa","California","Oregon/California","CoastUS","gsi"
"AMERICAN_SP",NA,"Central_Valley_sp","California","Oregon/California","CoastUS","gsi"
"BUTTE_CR_SP",NA,"Central_Valley_sp","California","Oregon/California","CoastUS","gsi"
"BUTTE_SP",NA,"Central_Valley_sp","California","Oregon/California","CoastUS","gsi"
"DEER_CR_SP",NA,"Central_Valley_sp","California","Oregon/California","CoastUS","gsi"
"FEATHER_H_SP",NA,"Central_Valley_sp","California","Oregon/California","CoastUS","gsi"
"FEATHER_SP",NA,"Central_Valley_sp","California","Oregon/California","CoastUS","gsi"
"MILL_CR_SP",NA,"Central_Valley_sp","California","Oregon/California","CoastUS","gsi"
"SACRAMENTO_H",NA,"Central_Valley_wi","California","Oregon/California","CoastUS","gsi"
"BLUE_CR",NA,"Klamath_R","California","Oregon/California","CoastUS","gsi"
"BLUE_CREEK",NA,"Klamath_R","California","Oregon/California","CoastUS","gsi"
"KLAMATH_R_FA",NA,"Klamath_R","California","Oregon/California","CoastUS","gsi"
"SALMON_CAL",NA,"Klamath_R","California","Oregon/California","CoastUS","gsi"
"TRINITY_F",NA,"Klamath_R","California","Oregon/California","CoastUS","gsi"
"TRINITY_H_SP",NA,"Klamath_R","California","Oregon/California","CoastUS","gsi"
"TRINITY_SP",NA,"Klamath_R","California","Oregon/California","CoastUS","gsi"
"ALSEA_R",NA,"Mid_Oregon_Coast","Oregon Coastal North Migrating","Oregon/California","CoastUS","gsi"
"CLEELMHATCH",NA,"Mid_Oregon_Coast","Oregon Coastal North Migrating","Oregon/California","CoastUS","gsi"
"COOS_H",NA,"Mid_Oregon_Coast","Oregon Coastal North Migrating","Oregon/California","CoastUS","gsi"
"COQUILLE_R",NA,"Mid_Oregon_Coast","Oregon Coastal North Migrating","Oregon/California","CoastUS","gsi"
"MILLICOMA_R",NA,"Mid_Oregon_Coast","Oregon Coastal North Migrating","Oregon/California","CoastUS","gsi"
"S_COOS_R",NA,"Mid_Oregon_Coast","Oregon Coastal North Migrating","Oregon/California","CoastUS","gsi"
"S_UMPQUA_H",NA,"Mid_Oregon_Coast","Oregon Coastal North Migrating","Oregon/California","CoastUS","gsi"
"SIUSLAW",NA,"Mid_Oregon_Coast","Oregon Coastal North Migrating","Oregon/California","CoastUS","gsi"
"SIXES_R",NA,"Mid_Oregon_Coast","Oregon Coastal North Migrating","Oregon/California","CoastUS","gsi"
"UMPQUA_H",NA,"Mid_Oregon_Coast","Oregon Coastal North Migrating","Oregon/California","CoastUS","gsi"
"UMPQUA_SMITH",NA,"Mid_Oregon_Coast","Oregon Coastal North Migrating","Oregon/California","CoastUS","gsi"
"UMPQUA_SP",NA,"Mid_Oregon_Coast","Oregon Coastal North Migrating","Oregon/California","CoastUS","gsi"
"APPLEGATE_CR",NA,"N_California/S_Oregon_Coast","Oregon Coastal North Migrating","Oregon/California","CoastUS","gsi"
"CHETCO_R",NA,"N_California/S_Oregon_Coast","Oregon Coastal North Migrating","Oregon/California","CoastUS","gsi"
"COLE",NA,"N_California/S_Oregon_Coast","Oregon Coastal North Migrating","Oregon/California","CoastUS","gsi"
"COLE RIVER",NA,"N_California/S_Oregon_Coast","Oregon Coastal North Migrating","Oregon/California","CoastUS","gsi"
"COLE_RIVER",NA,"N_California/S_Oregon_Coast","Oregon Coastal North Migrating","Oregon/California","CoastUS","gsi"
"COLE_RIVERS_H",NA,"N_California/S_Oregon_Coast","Oregon Coastal North Migrating","Oregon/California","CoastUS","gsi"
"HUNTER_CR",NA,"N_California/S_Oregon_Coast","Oregon Coastal North Migrating","Oregon/California","CoastUS","gsi"
"HUNTER_CREEK",NA,"N_California/S_Oregon_Coast","Oregon Coastal North Migrating","Oregon/California","CoastUS","gsi"
"LOBSTER_CR",NA,"N_California/S_Oregon_Coast","Oregon Coastal North Migrating","Oregon/California","CoastUS","gsi"
"LOBSTER_CREEK",NA,"N_California/S_Oregon_Coast","Oregon Coastal North Migrating","Oregon/California","CoastUS","gsi"
"PISTOL",NA,"N_California/S_Oregon_Coast","Oregon Coastal North Migrating","Oregon/California","CoastUS","gsi"
"PISTOL_RIVER",NA,"N_California/S_Oregon_Coast","Oregon Coastal North Migrating","Oregon/California","CoastUS","gsi"
"WINCHUK",NA,"N_California/S_Oregon_Coast","Oregon Coastal North Migrating","Oregon/California","CoastUS","gsi"
"EUCHRE_CR",NA,"N_Oregon_Coast","Oregon Coastal North Migrating","Oregon/California","CoastUS","gsi"
"EUCHRE_CREEK",NA,"N_Oregon_Coast","Oregon Coastal North Migrating","Oregon/California","CoastUS","gsi"
"KILCHIS_R",NA,"N_Oregon_Coast","Oregon Coastal North Migrating","Oregon/California","CoastUS","gsi"
"NECANICUM_H",NA,"N_Oregon_Coast","Oregon Coastal North Migrating","Oregon/California","CoastUS","gsi"
"NEHALEM",NA,"N_Oregon_Coast","Oregon Coastal North Migrating","Oregon/California","CoastUS","gsi"
"NEHALEM_R",NA,"N_Oregon_Coast","Oregon Coastal North Migrating","Oregon/California","CoastUS","gsi"
"NESTUCCA_F",NA,"N_Oregon_Coast","Oregon Coastal North Migrating","Oregon/California","CoastUS","gsi"
"NESTUCCA_H",NA,"N_Oregon_Coast","Oregon Coastal North Migrating","Oregon/California","CoastUS","gsi"
"TRASK_HAT_F",NA,"N_Oregon_Coast","Oregon Coastal North Migrating","Oregon/California","CoastUS","gsi"
"TRASK_HAT_SP",NA,"N_Oregon_Coast","Oregon Coastal North Migrating","Oregon/California","CoastUS","gsi"
"TRASK_R",NA,"N_Oregon_Coast","Oregon Coastal North Migrating","Oregon/California","CoastUS","gsi"
"WILSON_R",NA,"N_Oregon_Coast","Oregon Coastal North Migrating","Oregon/California","CoastUS","gsi"
"COLUMBIA_ROGUE",NA,"Rogue_R","Oregon Coastal North Migrating","Oregon/California","CoastUS","gsi"
"DUNGENESS_R",NA,"Juan_de_Fuca","Washington Coast/Juan de Fuca","Washington Coast","CoastUS","gsi"
"ELWHA_F",NA,"Washington_Coast","Washington Coast/Juan de Fuca","Washington Coast","CoastUS","gsi"
"FORKS_CR_H",NA,"Washington_Coast","Washington Coast/Juan de Fuca","Washington Coast","CoastUS","gsi"
"HOH_R",NA,"Washington_Coast","Washington Coast/Juan de Fuca","Washington Coast","CoastUS","gsi"
"HOH_RIVER_SP_S",NA,"Washington_Coast","Washington Coast/Juan de Fuca","Washington Coast","CoastUS","gsi"
"HOKO_H_FA",NA,"Washington_Coast","Washington Coast/Juan de Fuca","Washington Coast","CoastUS","gsi"
"HUMPTULIPS_H",NA,"Washington_Coast","Washington Coast/Juan de Fuca","Washington Coast","CoastUS","gsi"
"MAKAH_H",NA,"Washington_Coast","Washington Coast/Juan de Fuca","Washington Coast","CoastUS","gsi"
"QUEETS",NA,"Washington_Coast","Washington Coast/Juan de Fuca","Washington Coast","CoastUS","gsi"
"QUEETS_R",NA,"Washington_Coast","Washington Coast/Juan de Fuca","Washington Coast","CoastUS","gsi"
"QUILAYUTE_R",NA,"Washington_Coast","Washington Coast/Juan de Fuca","Washington Coast","CoastUS","gsi"
"QUINAULT_F",NA,"Washington_Coast","Washington Coast/Juan de Fuca","Washington Coast","CoastUS","gsi"
"R_CHEHALIS",NA,"Washington_Coast","Washington Coast/Juan de Fuca","Washington Coast","CoastUS","gsi"
"SOL_DUC_H",NA,"Washington_Coast","Washington Coast/Juan de Fuca","Washington Coast","CoastUS","gsi"
"SOLDUC_F",NA,"Washington_Coast","Washington Coast/Juan de Fuca","Washington Coast","CoastUS","gsi"
"WILLAPA_CR",NA,"Washington_Coast","Washington Coast/Juan de Fuca","Washington Coast","CoastUS","gsi"
"YAQUINA_R",NA,"Washington_Coast","Washington Coast/Juan de Fuca","Washington Coast","CoastUS","gsi"
"ABERNATHY F",NA,"L_Columbia_R_fa","Fall Cowlitz/Willamette","Columbia","ColR","gsi"
"ABERNATHY_CR_FA",NA,"L_Columbia_R_fa","Fall Cowlitz/Willamette","Columbia","ColR","gsi"
"ABERNATHY_F",NA,"L_Columbia_R_fa","Fall Cowlitz/Willamette","Columbia","ColR","gsi"
"ABERNATHY_NFH_F",NA,"L_Columbia_R_fa","Fall Cowlitz/Willamette","Columbia","ColR","gsi"
"COWEEMAN",NA,"L_Columbia_R_fa","Fall Cowlitz/Willamette","Columbia","ColR","gsi"
"COWEEMAN_R_FA",NA,"L_Columbia_R_fa","Fall Cowlitz/Willamette","Columbia","ColR","gsi"
"COWLITZ_H_FA",NA,"L_Columbia_R_fa","Fall Cowlitz/Willamette","Columbia","ColR","gsi"
"ELOCHOMAN_R_FA",NA,"L_Columbia_R_fa","Fall Cowlitz/Willamette","Columbia","ColR","gsi"
"LEWIS_R_F",NA,"L_Columbia_R_fa","Fall Cowlitz/Willamette","Columbia","ColR","gsi"
"LEWIS_R_LSU",NA,"L_Columbia_R_fa","Fall Cowlitz/Willamette","Columbia","ColR","gsi"
"LEWIS_R_SU",NA,"L_Columbia_R_fa","Fall Cowlitz/Willamette","Columbia","ColR","gsi"
"MACKENZIE",NA,"L_Columbia_R_fa","Fall Cowlitz/Willamette","Columbia","ColR","gsi"
"NORTH SANTIAM",NA,"L_Columbia_R_fa","Fall Cowlitz/Willamette","Columbia","ColR","gsi"
"NORTH_SANTIAM",NA,"L_Columbia_R_fa","Fall Cowlitz/Willamette","Columbia","ColR","gsi"
"SANDY",NA,"L_Columbia_R_fa","Fall Cowlitz/Willamette","Columbia","ColR","gsi"
"SANDY_R",NA,"L_Columbia_R_fa","Fall Cowlitz/Willamette","Columbia","ColR","gsi"
"WASHOUGAL_R_FA",NA,"L_Columbia_R_fa","Fall Cowlitz/Willamette","Columbia","ColR","gsi"
"BIG_CR",NA,"Willamette_R","Fall Cowlitz/Willamette","Columbia","ColR","gsi"
"BIG_CR_H_COL",NA,"Willamette_R","Fall Cowlitz/Willamette","Columbia","ColR","gsi"
"CLACKAMAS_N",NA,"Willamette_R","Fall Cowlitz/Willamette","Columbia","ColR","gsi"
"CLACKAMAS_NO",NA,"Willamette_R","Fall Cowlitz/Willamette","Columbia","ColR","gsi"
"MCKENZIE_H",NA,"Willamette_R","Fall Cowlitz/Willamette","Columbia","ColR","gsi"
"N_SANTIAM_H",NA,"Willamette_R","Fall Cowlitz/Willamette","Columbia","ColR","gsi"
"CHEWUCH SP",NA,"Mid_and_Upper_Columbia_R_sp","Mid-Columbia Brights/Upriver Brights","Columbia","ColR","gsi"
"CHEWUCH_SP",NA,"Mid_and_Upper_Columbia_R_sp","Mid-Columbia Brights/Upriver Brights","Columbia","ColR","gsi"
"CHIWAWA SP",NA,"Mid_and_Upper_Columbia_R_sp","Mid-Columbia Brights/Upriver Brights","Columbia","ColR","gsi"
"CHIWAWA_SP",NA,"Mid_and_Upper_Columbia_R_sp","Mid-Columbia Brights/Upriver Brights","Columbia","ColR","gsi"
"ENTIAT",NA,"Mid_and_Upper_Columbia_R_sp","Mid-Columbia Brights/Upriver Brights","Columbia","ColR","gsi"
"ENTIAT_H",NA,"Mid_and_Upper_Columbia_R_sp","Mid-Columbia Brights/Upriver Brights","Columbia","ColR","gsi"
"ENTIAT_SP",NA,"Mid_and_Upper_Columbia_R_sp","Mid-Columbia Brights/Upriver Brights","Columbia","ColR","gsi"
"GRANITE",NA,"Mid_and_Upper_Columbia_R_sp","Mid-Columbia Brights/Upriver Brights","Columbia","ColR","gsi"
"GRANITE_CR",NA,"Mid_and_Upper_Columbia_R_sp","Mid-Columbia Brights/Upriver Brights","Columbia","ColR","gsi"
"JOHN DAY MID",NA,"Mid_and_Upper_Columbia_R_sp","Mid-Columbia Brights/Upriver Brights","Columbia","ColR","gsi"
"JOHN_DAY_MAIN",NA,"Mid_and_Upper_Columbia_R_sp","Mid-Columbia Brights/Upriver Brights","Columbia","ColR","gsi"
"JOHN_DAY_MID",NA,"Mid_and_Upper_Columbia_R_sp","Mid-Columbia Brights/Upriver Brights","Columbia","ColR","gsi"
"JOHN_DAY_N",NA,"Mid_and_Upper_Columbia_R_sp","Mid-Columbia Brights/Upriver Brights","Columbia","ColR","gsi"
"JOHN_DAY_NORTH",NA,"Mid_and_Upper_Columbia_R_sp","Mid-Columbia Brights/Upriver Brights","Columbia","ColR","gsi"
"JOHN_DAY_R",NA,"Mid_and_Upper_Columbia_R_sp","Mid-Columbia Brights/Upriver Brights","Columbia","ColR","gsi"
"JOHNDAY_R",NA,"Mid_and_Upper_Columbia_R_sp","Mid-Columbia Brights/Upriver Brights","Columbia","ColR","gsi"
"KLICKITAT_H",NA,"Mid_and_Upper_Columbia_R_sp","Mid-Columbia Brights/Upriver Brights","Columbia","ColR","gsi"
"KLICKITAT_R_SP",NA,"Mid_and_Upper_Columbia_R_sp","Mid-Columbia Brights/Upriver Brights","Columbia","ColR","gsi"
"L_WH_SAL_H_SP",NA,"Mid_and_Upper_Columbia_R_sp","Mid-Columbia Brights/Upriver Brights","Columbia","ColR","gsi"
"LITTLENACHES_SP",NA,"Mid_and_Upper_Columbia_R_sp","Mid-Columbia Brights/Upriver Brights","Columbia","ColR","gsi"
"METHOW_R_SP",NA,"Mid_and_Upper_Columbia_R_sp","Mid-Columbia Brights/Upriver Brights","Columbia","ColR","gsi"
"MF_JOHNDAY_R",NA,"Mid_and_Upper_Columbia_R_sp","Mid-Columbia Brights/Upriver Brights","Columbia","ColR","gsi"
"NACHES_SP",NA,"Mid_and_Upper_Columbia_R_sp","Mid-Columbia Brights/Upriver Brights","Columbia","ColR","gsi"
"NF_JOHNDAY_R",NA,"Mid_and_Upper_Columbia_R_sp","Mid-Columbia Brights/Upriver Brights","Columbia","ColR","gsi"
"SHITIKE_H",NA,"Mid_and_Upper_Columbia_R_sp","Mid-Columbia Brights/Upriver Brights","Columbia","ColR","gsi"
"SPRING_CR_H",NA,"Mid_and_Upper_Columbia_R_sp","Mid-Columbia Brights/Upriver Brights","Columbia","ColR","gsi"
"SPRING_CREEK_H",NA,"Mid_and_Upper_Columbia_R_sp","Mid-Columbia Brights/Upriver Brights","Columbia","ColR","gsi"
"TWISP_R_SP",NA,"Mid_and_Upper_Columbia_R_sp","Mid-Columbia Brights/Upriver Brights","Columbia","ColR","gsi"
"TWISP_SP",NA,"Mid_and_Upper_Columbia_R_sp","Mid-Columbia Brights/Upriver Brights","Columbia","ColR","gsi"
"U_YAKIMA_H",NA,"Mid_and_Upper_Columbia_R_sp","Mid-Columbia Brights/Upriver Brights","Columbia","ColR","gsi"
"ELOCHOMAN_H",NA,"Mid_Columbia_R_tule","Mid-Columbia Brights/Upriver Brights","Columbia","ColR","gsi"
"SPRING_CR_COL",NA,"Mid_Columbia_R_tule","Mid-Columbia Brights/Upriver Brights","Columbia","ColR","gsi"
"COWLITZ_H_SP",NA,"L_Columbia_R_sp","Spring Cowlitz","Columbia","ColR","gsi"
"KALAMA_H_SP",NA,"L_Columbia_R_sp","Spring Cowlitz","Columbia","ColR","gsi"
"LEWIS_H_SP",NA,"L_Columbia_R_sp","Spring Cowlitz","Columbia","ColR","gsi"
"WHITE_F",NA,"L_Columbia_R_sp","Spring Cowlitz","Columbia","ColR","gsi"
"WHITE_H",NA,"L_Columbia_R_sp","Spring Cowlitz","Columbia","ColR","gsi"
"DESCHUTES-F",NA,"U_Columbia_R_su/fa","Up-Columbia S-F","Columbia","ColR","gsi"
"HANFORD REACH",NA,"U_Columbia_R_su/fa","Up-Columbia S-F","Columbia","ColR","gsi"
"HANFORD_REACH",NA,"U_Columbia_R_su/fa","Up-Columbia S-F","Columbia","ColR","gsi"
"L_DESCHUTES_R",NA,"U_Columbia_R_su/fa","Up-Columbia S-F","Columbia","ColR","gsi"
"L_WH_SAL_H_SF",NA,"U_Columbia_R_su/fa","Up-Columbia S-F","Columbia","ColR","gsi"
"MARION_DRAIN_FA",NA,"U_Columbia_R_su/fa","Up-Columbia S-F","Columbia","ColR","gsi"
"METHOW_R",NA,"U_Columbia_R_su/fa","Up-Columbia S-F","Columbia","ColR","gsi"
"OKANAGAN",NA,"U_Columbia_R_su/fa","Up-Columbia S-F","Columbia","ColR","gsi"
"OKANAGAN_R",NA,"U_Columbia_R_su/fa","Up-Columbia S-F","Columbia","ColR","gsi"
"OSOYOOS_RESID",NA,"U_Columbia_R_su/fa","Up-Columbia S-F","Columbia","ColR","gsi"
"PRIEST_RAPID_H",NA,"U_Columbia_R_su/fa","Up-Columbia S-F","Columbia","ColR","gsi"
"PRIEST_RAPIDS_H",NA,"U_Columbia_R_su/fa","Up-Columbia S-F","Columbia","ColR","gsi"
"SILMILKAMEEN_S",NA,"U_Columbia_R_su/fa","Up-Columbia S-F","Columbia","ColR","gsi"
"U_DESCHUTES_R",NA,"U_Columbia_R_su/fa","Up-Columbia S-F","Columbia","ColR","gsi"
"UMATILLA_H",NA,"U_Columbia_R_su/fa","Up-Columbia S-F","Columbia","ColR","gsi"
"UMATILLA_H_FA",NA,"U_Columbia_R_su/fa","Up-Columbia S-F","Columbia","ColR","gsi"
"WARM_SPRINGS_H",NA,"U_Columbia_R_su/fa","Up-Columbia S-F","Columbia","ColR","gsi"
"WELLS_H",NA,"U_Columbia_R_su/fa","Up-Columbia S-F","Columbia","ColR","gsi"
"WENATCHEE SU",NA,"U_Columbia_R_su/fa","Up-Columbia S-F","Columbia","ColR","gsi"
"WENATCHEE_H_SP",NA,"U_Columbia_R_su/fa","Up-Columbia S-F","Columbia","ColR","gsi"
"WENATCHEE_R_SF",NA,"U_Columbia_R_su/fa","Up-Columbia S-F","Columbia","ColR","gsi"
"WENATCHEE_R_SP",NA,"U_Columbia_R_su/fa","Up-Columbia S-F","Columbia","ColR","gsi"
"WENATCHEE_SU",NA,"U_Columbia_R_su/fa","Up-Columbia S-F","Columbia","ColR","gsi"
"CLEARWATERRFA",NA,"Snake_R_fa","Snake Fall","Snake","ColR","gsi"
"LYON'S_FERRY_F",NA,"Snake_R_fa","Snake Fall","Snake","ColR","gsi"
"LYONS_FERRY_H",NA,"Snake_R_fa","Snake Fall","Snake","ColR","gsi"
"NEZ_PERCET_H",NA,"Snake_R_fa","Snake Fall","Snake","ColR","gsi"
"SALMON_R_F",NA,"Snake_R_fa","Snake Fall","Snake","ColR","gsi"
"BEAR_VALLEY_CR",NA,"Snake_R_sp/su","Snake Sp-Su","Snake","ColR","gsi"
"CAMAS_CR",NA,"Snake_R_sp/su","Snake Sp-Su","Snake","ColR","gsi"
"CAPEHORN_CR",NA,"Snake_R_sp/su","Snake Sp-Su","Snake","ColR","gsi"
"CATHERINE_CR",NA,"Snake_R_sp/su","Snake Sp-Su","Snake","ColR","gsi"
"CHAMBERLAIN_CR",NA,"Snake_R_sp/su","Snake Sp-Su","Snake","ColR","gsi"
"CROOKED_FK_CR",NA,"Snake_R_sp/su","Snake Sp-Su","Snake","ColR","gsi"
"FRENCHMAN-SP",NA,"Snake_R_sp/su","Snake Sp-Su","Snake","ColR","gsi"
"IMNAHA",NA,"Snake_R_sp/su","Snake Sp-Su","Snake","ColR","gsi"
"IMNAHA_R",NA,"Snake_R_sp/su","Snake Sp-Su","Snake","ColR","gsi"
"JOHNSON_CR",NA,"Snake_R_sp/su","Snake Sp-Su","Snake","ColR","gsi"
"JOHNSON_H",NA,"Snake_R_sp/su","Snake Sp-Su","Snake","ColR","gsi"
"LOCHSA_R",NA,"Snake_R_sp/su","Snake Sp-Su","Snake","ColR","gsi"
"LOLO_CR",NA,"Snake_R_sp/su","Snake Sp-Su","Snake","ColR","gsi"
"LOOKINGGLASS_H",NA,"Snake_R_sp/su","Snake Sp-Su","Snake","ColR","gsi"
"MARSH CR",NA,"Snake_R_sp/su","Snake Sp-Su","Snake","ColR","gsi"
"MARSH CREEK",NA,"Snake_R_sp/su","Snake Sp-Su","Snake","ColR","gsi"
"MARSH_CR",NA,"Snake_R_sp/su","Snake Sp-Su","Snake","ColR","gsi"
"MARSH_CREEK",NA,"Snake_R_sp/su","Snake Sp-Su","Snake","ColR","gsi"
"MCCALL",NA,"Snake_R_sp/su","Snake Sp-Su","Snake","ColR","gsi"
"MCCALL HAT",NA,"Snake_R_sp/su","Snake Sp-Su","Snake","ColR","gsi"
"MCCALL_HAT",NA,"Snake_R_sp/su","Snake Sp-Su","Snake","ColR","gsi"
"MCCALL_RIVER",NA,"Snake_R_sp/su","Snake Sp-Su","Snake","ColR","gsi"
"MINAM_CR",NA,"Snake_R_sp/su","Snake Sp-Su","Snake","ColR","gsi"
"MINAM_CREEK",NA,"Snake_R_sp/su","Snake Sp-Su","Snake","ColR","gsi"
"MINAM_R",NA,"Snake_R_sp/su","Snake Sp-Su","Snake","ColR","gsi"
"NEWSOME_CR",NA,"Snake_R_sp/su","Snake Sp-Su","Snake","ColR","gsi"
"PAHSIMEROI_R",NA,"Snake_R_sp/su","Snake Sp-Su","Snake","ColR","gsi"
"RAPID SP",NA,"Snake_R_sp/su","Snake Sp-Su","Snake","ColR","gsi"
"RAPID_R_H",NA,"Snake_R_sp/su","Snake Sp-Su","Snake","ColR","gsi"
"RAPID_SP",NA,"Snake_R_sp/su","Snake Sp-Su","Snake","ColR","gsi"
"RED_R",NA,"Snake_R_sp/su","Snake Sp-Su","Snake","ColR","gsi"
"SALMON E.FORK",NA,"Snake_R_sp/su","Snake Sp-Su","Snake","ColR","gsi"
"SALMON_E_FORK",NA,"Snake_R_sp/su","Snake Sp-Su","Snake","ColR","gsi"
"SAWTOOTH_H",NA,"Snake_R_sp/su","Snake Sp-Su","Snake","ColR","gsi"
"SECECH",NA,"Snake_R_sp/su","Snake Sp-Su","Snake","ColR","gsi"
"SECECH_R",NA,"Snake_R_sp/su","Snake Sp-Su","Snake","ColR","gsi"
"SECESH_R",NA,"Snake_R_sp/su","Snake Sp-Su","Snake","ColR","gsi"
"SNAKE_S",NA,"Snake_R_sp/su","Snake Sp-Su","Snake","ColR","gsi"
"TUCANNON_H",NA,"Snake_R_sp/su","Snake Sp-Su","Snake","ColR","gsi"
"TUCANNON_R",NA,"Snake_R_sp/su","Snake Sp-Su","Snake","ColR","gsi"
"TUCANNON_SP",NA,"Snake_R_sp/su","Snake Sp-Su","Snake","ColR","gsi"
"UP_SALMON-SP",NA,"Snake_R_sp/su","Snake Sp-Su","Snake","ColR","gsi"
"UPPER_VALLEY",NA,"Snake_R_sp/su","Snake Sp-Su","Snake","ColR","gsi"
"VALLEY_CR",NA,"Snake_R_sp/su","Snake Sp-Su","Snake","ColR","gsi"
"VALLEY_CREEK",NA,"Snake_R_sp/su","Snake Sp-Su","Snake","ColR","gsi"
"WENAHA",NA,"Snake_R_sp/su","Snake Sp-Su","Snake","ColR","gsi"
"WENAHA_R",NA,"Snake_R_sp/su","Snake Sp-Su","Snake","ColR","gsi"
"BLANCHARD",NA,"Alsek","North/Central BC","North/Central BC","NBC","gsi"
"GOAT_CR",NA,"Alsek","North/Central BC","North/Central BC","NBC","gsi"
"KLUKSHU",NA,"Alsek","North/Central BC","North/Central BC","NBC","gsi"
"KUDWAT_CR",NA,"Alsek","North/Central BC","North/Central BC","NBC","gsi"
"TAKHANNE",NA,"Alsek","North/Central BC","North/Central BC","NBC","gsi"
"NIMPKISH",NA,"ECVI","North/Central BC","North/Central BC","NBC","gsi"
"CRANBERRY",NA,"Nass","North/Central BC","North/Central BC","NBC","gsi"
"DAMDOCHAX",NA,"Nass","North/Central BC","North/Central BC","NBC","gsi"
"ISHKHEENICKH",NA,"Nass","North/Central BC","North/Central BC","NBC","gsi"
"KINCOLITH",NA,"Nass","North/Central BC","North/Central BC","NBC","gsi"
"KITEEN",NA,"Nass","North/Central BC","North/Central BC","NBC","gsi"
"KWINAGEESE",NA,"Nass","North/Central BC","North/Central BC","NBC","gsi"
"KWINAMASS",NA,"Nass","North/Central BC","North/Central BC","NBC","gsi"
"MEZIADIN",NA,"Nass","North/Central BC","North/Central BC","NBC","gsi"
"OWEGEE",NA,"Nass","North/Central BC","North/Central BC","NBC","gsi"
"SEASKINNISH",NA,"Nass","North/Central BC","North/Central BC","NBC","gsi"
"SNOWBANK",NA,"Nass","North/Central BC","North/Central BC","NBC","gsi"
"TEIGEN",NA,"Nass","North/Central BC","North/Central BC","NBC","gsi"
"TSEAX",NA,"Nass","North/Central BC","North/Central BC","NBC","gsi"
"ASHLULM",NA,"NOMN","North/Central BC","North/Central BC","NBC","gsi"
"ATNARKO",NA,"NOMN","North/Central BC","North/Central BC","NBC","gsi"
"CHUCKWALLA",NA,"NOMN","North/Central BC","North/Central BC","NBC","gsi"
"DEAN",NA,"NOMN","North/Central BC","North/Central BC","NBC","gsi"
"DEAN_RIVER",NA,"NOMN","North/Central BC","North/Central BC","NBC","gsi"
"DOCEE",NA,"NOMN","North/Central BC","North/Central BC","NBC","gsi"
"HIRSCH",NA,"NOMN","North/Central BC","North/Central BC","NBC","gsi"
"KATEEN",NA,"NOMN","North/Central BC","North/Central BC","NBC","gsi"
"KILBELLA",NA,"NOMN","North/Central BC","North/Central BC","NBC","gsi"
"KILDALA",NA,"NOMN","North/Central BC","North/Central BC","NBC","gsi"
"KITIMAT",NA,"NOMN","North/Central BC","North/Central BC","NBC","gsi"
"KITLOPE",NA,"NOMN","North/Central BC","North/Central BC","NBC","gsi"
"LOWATNARKO",NA,"NOMN","North/Central BC","North/Central BC","NBC","gsi"
"LOWATNARKO(11)",NA,"NOMN","North/Central BC","North/Central BC","NBC","gsi"
"NEECHANZE",NA,"NOMN","North/Central BC","North/Central BC","NBC","gsi"
"NUSATSUM",NA,"NOMN","North/Central BC","North/Central BC","NBC","gsi"
"SALOOMPT",NA,"NOMN","North/Central BC","North/Central BC","NBC","gsi"
"TAKIA",NA,"NOMN","North/Central BC","North/Central BC","NBC","gsi"
"TAKIA_RIVER",NA,"NOMN","North/Central BC","North/Central BC","NBC","gsi"
"U_ATNARKO",NA,"NOMN","North/Central BC","North/Central BC","NBC","gsi"
"U_DEAN",NA,"NOMN","North/Central BC","North/Central BC","NBC","gsi"
"WANNOCK",NA,"NOMN","North/Central BC","North/Central BC","NBC","gsi"
"WANNOCK_R",NA,"NOMN","North/Central BC","North/Central BC","NBC","gsi"
"YAKOUN",NA,"QCI","North/Central BC","North/Central BC","NBC","gsi"
"BABINE",NA,"Skeena Babine","North/Central BC","North/Central BC","NBC","gsi"
"BULKLEY",NA,"Skeena Bulkley","North/Central BC","North/Central BC","NBC","gsi"
"BULKLEY_EARLY",NA,"Skeena Bulkley","North/Central BC","North/Central BC","NBC","gsi"
"BULKLEY_SP",NA,"Skeena Bulkley","North/Central BC","North/Central BC","NBC","gsi"
"MORICE",NA,"Skeena Bulkley","North/Central BC","North/Central BC","NBC","gsi"
"MORICE_R",NA,"Skeena Bulkley","North/Central BC","North/Central BC","NBC","gsi"
"SUSKWA",NA,"Skeena Bulkley","North/Central BC","North/Central BC","NBC","gsi"
"ECSTALL",NA,"Skeena Lower","North/Central BC","North/Central BC","NBC","gsi"
"EXCHAMSIKS",NA,"Skeena Lower","North/Central BC","North/Central BC","NBC","gsi"
"EXSTEW_R",NA,"Skeena Lower","North/Central BC","North/Central BC","NBC","gsi"
"FIDDLER_CR",NA,"Skeena Lower","North/Central BC","North/Central BC","NBC","gsi"
"GITNADOIX",NA,"Skeena Lower","North/Central BC","North/Central BC","NBC","gsi"
"KASIKS",NA,"Skeena Lower","North/Central BC","North/Central BC","NBC","gsi"
"KASIKS_R",NA,"Skeena Lower","North/Central BC","North/Central BC","NBC","gsi"
"KHYEX_R",NA,"Skeena Lower","North/Central BC","North/Central BC","NBC","gsi"
"KITSUMKALUM_R",NA,"Skeena Lower","North/Central BC","North/Central BC","NBC","gsi"
"L_KALUM",NA,"Skeena Lower","North/Central BC","North/Central BC","NBC","gsi"
"L_KALUM@AC",NA,"Skeena Lower","North/Central BC","North/Central BC","NBC","gsi"
"THOMAS_CR",NA,"Skeena Lower","North/Central BC","North/Central BC","NBC","gsi"
"ZYMOGOTITZ",NA,"Skeena Lower","North/Central BC","North/Central BC","NBC","gsi"
"ZYMOGOTITZ_R",NA,"Skeena Lower","North/Central BC","North/Central BC","NBC","gsi"
"KISPIOX",NA,"Skeena Mid","North/Central BC","North/Central BC","NBC","gsi"
"KITSEGUECLA_R",NA,"Skeena Mid","North/Central BC","North/Central BC","NBC","gsi"
"KITWANGA",NA,"Skeena Mid","North/Central BC","North/Central BC","NBC","gsi"
"NANGEESE_R",NA,"Skeena Mid","North/Central BC","North/Central BC","NBC","gsi"
"SHEGUNIA_R",NA,"Skeena Mid","North/Central BC","North/Central BC","NBC","gsi"
"SKEENA@TERRACE",NA,"Skeena Mid","North/Central BC","North/Central BC","NBC","gsi"
"SWEETIN",NA,"Skeena Mid","North/Central BC","North/Central BC","NBC","gsi"
"SWEETIN_RIVER",NA,"Skeena Mid","North/Central BC","North/Central BC","NBC","gsi"
"BEAR",NA,"Skeena Upper","North/Central BC","North/Central BC","NBC","gsi"
"KLUATANTAN",NA,"Skeena Upper","North/Central BC","North/Central BC","NBC","gsi"
"KLUAYAZ_CR",NA,"Skeena Upper","North/Central BC","North/Central BC","NBC","gsi"
"KULDO_C",NA,"Skeena Upper","North/Central BC","North/Central BC","NBC","gsi"
"OTSI_CR",NA,"Skeena Upper","North/Central BC","North/Central BC","NBC","gsi"
"SICINTINE_R",NA,"Skeena Upper","North/Central BC","North/Central BC","NBC","gsi"
"SLAMGEESH",NA,"Skeena Upper","North/Central BC","North/Central BC","NBC","gsi"
"SQUINGULA",NA,"Skeena Upper","North/Central BC","North/Central BC","NBC","gsi"
"SQUINGULA_R",NA,"Skeena Upper","North/Central BC","North/Central BC","NBC","gsi"
"SUSTUT",NA,"Skeena Upper","North/Central BC","North/Central BC","NBC","gsi"
"CHRISTINA",NA,"Stikine","North/Central BC","North/Central BC","NBC","gsi"
"CRAIG",NA,"Stikine","North/Central BC","North/Central BC","NBC","gsi"
"CRAIG_RIVER",NA,"Stikine","North/Central BC","North/Central BC","NBC","gsi"
"DWORSHAK_H",NA,"Stikine","North/Central BC","North/Central BC","NBC","gsi"
"JOHNNY_TASHOOT",NA,"Stikine","North/Central BC","North/Central BC","NBC","gsi"
"LITTLE_TAHLTAN",NA,"Stikine","North/Central BC","North/Central BC","NBC","gsi"
"SHAKES_CR",NA,"Stikine","North/Central BC","North/Central BC","NBC","gsi"
"SHAKES_CREEK",NA,"Stikine","North/Central BC","North/Central BC","NBC","gsi"
"TAHLTAN_R",NA,"Stikine","North/Central BC","North/Central BC","NBC","gsi"
"TUYA_R",NA,"Stikine","North/Central BC","North/Central BC","NBC","gsi"
"VERRETT",NA,"Stikine","North/Central BC","North/Central BC","NBC","gsi"
"DUDIDONTU",NA,"Taku","North/Central BC","North/Central BC","NBC","gsi"
"DUDIDONTU_R",NA,"Taku","North/Central BC","North/Central BC","NBC","gsi"
"HACKETT_R",NA,"Taku","North/Central BC","North/Central BC","NBC","gsi"
"KOWATUA",NA,"Taku","North/Central BC","North/Central BC","NBC","gsi"
"LITTLE_TATSAM",NA,"Taku","North/Central BC","North/Central BC","NBC","gsi"
"NAHLIN",NA,"Taku","North/Central BC","North/Central BC","NBC","gsi"
"NAKINA",NA,"Taku","North/Central BC","North/Central BC","NBC","gsi"
"TATSAMENIE",NA,"Taku","North/Central BC","North/Central BC","NBC","gsi"
"TSETA",NA,"Taku","North/Central BC","North/Central BC","NBC","gsi"
"YETH_CR",NA,"Taku","North/Central BC","North/Central BC","NBC","gsi"
"BIG_SILVER",NA,"LWFR-Sp","Fraser Early","Fraser River","SalSea","gsi"
"BIRKENHEAD",NA,"LWFR-Sp","Fraser Early","Fraser River","SalSea","gsi"
"SLOQUET_CR",NA,"LWFR-Sp","Fraser Early","Fraser River","SalSea","gsi"
"SLOQUET_CREEK",NA,"LWFR-Sp","Fraser Early","Fraser River","SalSea","gsi"
"BLUECR_UPPITT",NA,"LWFR-Su","Fraser Early","Fraser River","SalSea","gsi"
"MARIA_SLOUGH",NA,"LWFR-Su","Fraser Early","Fraser River","SalSea","gsi"
"UPPER_PITT",NA,"LWFR-Su","Fraser Early","Fraser River","SalSea","gsi"
"BONAPARTE",NA,"LWTH","Fraser Early","Fraser River","SalSea","gsi"
"COLDWATER",NA,"LWTH","Fraser Early","Fraser River","SalSea","gsi"
"DEADMAN",NA,"LWTH","Fraser Early","Fraser River","SalSea","gsi"
"LOUIS",NA,"LWTH","Fraser Early","Fraser River","SalSea","gsi"
"NICOLA",NA,"LWTH","Fraser Early","Fraser River","SalSea","gsi"
"SPIUS",NA,"LWTH","Fraser Early","Fraser River","SalSea","gsi"
"U_COLDWAT_SP",NA,"LWTH","Fraser Early","Fraser River","SalSea","gsi"
"U_SPIUS_SP",NA,"LWTH","Fraser Early","Fraser River","SalSea","gsi"
"BAEZAEKO",NA,"MUFR","Fraser Early","Fraser River","SalSea","gsi"
"BAKER_CR",NA,"MUFR","Fraser Early","Fraser River","SalSea","gsi"
"BRIDGE",NA,"MUFR","Fraser Early","Fraser River","SalSea","gsi"
"CHILAKO",NA,"MUFR","Fraser Early","Fraser River","SalSea","gsi"
"CHILCOTIN",NA,"MUFR","Fraser Early","Fraser River","SalSea","gsi"
"CHILCOTIN_MIX",NA,"MUFR","Fraser Early","Fraser River","SalSea","gsi"
"CHILKO",NA,"MUFR","Fraser Early","Fraser River","SalSea","gsi"
"COTTONWOOD",NA,"MUFR","Fraser Early","Fraser River","SalSea","gsi"
"ELK",NA,"MUFR","Fraser Early","Fraser River","SalSea","gsi"
"ELK_H",NA,"MUFR","Fraser Early","Fraser River","SalSea","gsi"
"ELK_RIVER",NA,"MUFR","Fraser Early","Fraser River","SalSea","gsi"
"ELKIN",NA,"MUFR","Fraser Early","Fraser River","SalSea","gsi"
"ELKIN_R",NA,"MUFR","Fraser Early","Fraser River","SalSea","gsi"
"ENDAKO",NA,"MUFR","Fraser Early","Fraser River","SalSea","gsi"
"HORSEFLY",NA,"MUFR","Fraser Early","Fraser River","SalSea","gsi"
"KUZKWA_CR",NA,"MUFR","Fraser Early","Fraser River","SalSea","gsi"
"L_CARIBOO",NA,"MUFR","Fraser Early","Fraser River","SalSea","gsi"
"L_CHILCOTI",NA,"MUFR","Fraser Early","Fraser River","SalSea","gsi"
"NAZKO",NA,"MUFR","Fraser Early","Fraser River","SalSea","gsi"
"NECHAKO",NA,"MUFR","Fraser Early","Fraser River","SalSea","gsi"
"PORTAGE",NA,"MUFR","Fraser Early","Fraser River","SalSea","gsi"
"PORTAGE_C",NA,"MUFR","Fraser Early","Fraser River","SalSea","gsi"
"QUESNEL",NA,"MUFR","Fraser Early","Fraser River","SalSea","gsi"
"STUART",NA,"MUFR","Fraser Early","Fraser River","SalSea","gsi"
"TASEKO",NA,"MUFR","Fraser Early","Fraser River","SalSea","gsi"
"U_CARIBOO",NA,"MUFR","Fraser Early","Fraser River","SalSea","gsi"
"U_CHILCOTIN",NA,"MUFR","Fraser Early","Fraser River","SalSea","gsi"
"WESTROAD",NA,"MUFR","Fraser Early","Fraser River","SalSea","gsi"
"BARRIERE",NA,"NOTH","Fraser Early","Fraser River","SalSea","gsi"
"BLUE",NA,"NOTH","Fraser Early","Fraser River","SalSea","gsi"
"CLEARWATER",NA,"NOTH","Fraser Early","Fraser River","SalSea","gsi"
"FINN",NA,"NOTH","Fraser Early","Fraser River","SalSea","gsi"
"LEMIEUX",NA,"NOTH","Fraser Early","Fraser River","SalSea","gsi"
"LEMIEUX_CR",NA,"NOTH","Fraser Early","Fraser River","SalSea","gsi"
"N_THOM@MAIN",NA,"NOTH","Fraser Early","Fraser River","SalSea","gsi"
"RAFT",NA,"NOTH","Fraser Early","Fraser River","SalSea","gsi"
"RAFT_R",NA,"NOTH","Fraser Early","Fraser River","SalSea","gsi"
"BESSETTE",NA,"SOTH","Fraser Early","Fraser River","SalSea","gsi"
"DUTEAU_CR",NA,"SOTH","Fraser Early","Fraser River","SalSea","gsi"
"EAGLE",NA,"SOTH","Fraser Early","Fraser River","SalSea","gsi"
"EAGLE_R",NA,"SOTH","Fraser Early","Fraser River","SalSea","gsi"
"GEORGE_ADAMS_H",NA,"SOTH","Fraser Early","Fraser River","SalSea","gsi"
"L_ADAMS",NA,"SOTH","Fraser Early","Fraser River","SalSea","gsi"
"L_SHUS@U_ADAMS",NA,"SOTH","Fraser Early","Fraser River","SalSea","gsi"
"L_SHUSWAP",NA,"SOTH","Fraser Early","Fraser River","SalSea","gsi"
"L_THOMPSON",NA,"SOTH","Fraser Early","Fraser River","SalSea","gsi"
"L. THOMPSON",NA,"SOTH","Fraser Early","Fraser River","SalSea","gsi"
"LITTLE",NA,"SOTH","Fraser Early","Fraser River","SalSea","gsi"
"LITTLE_R",NA,"SOTH","Fraser Early","Fraser River","SalSea","gsi"
"M_SHUSWAP",NA,"SOTH","Fraser Early","Fraser River","SalSea","gsi"
"SALMON@SA",NA,"SOTH","Fraser Early","Fraser River","SalSea","gsi"
"SEYMOUR@THOMP",NA,"SOTH","Fraser Early","Fraser River","SalSea","gsi"
"SOUTH_THOM",NA,"SOTH","Fraser Early","Fraser River","SalSea","gsi"
"BOWRON",NA,"UPFR","Fraser Early","Fraser River","SalSea","gsi"
"DOME",NA,"UPFR","Fraser Early","Fraser River","SalSea","gsi"
"FONTONIKO",NA,"UPFR","Fraser Early","Fraser River","SalSea","gsi"
"GOAT",NA,"UPFR","Fraser Early","Fraser River","SalSea","gsi"
"HOLMES",NA,"UPFR","Fraser Early","Fraser River","SalSea","gsi"
"HORSEY",NA,"UPFR","Fraser Early","Fraser River","SalSea","gsi"
"INDIANPOINT",NA,"UPFR","Fraser Early","Fraser River","SalSea","gsi"
"JAMES",NA,"UPFR","Fraser Early","Fraser River","SalSea","gsi"
"KENNETH",NA,"UPFR","Fraser Early","Fraser River","SalSea","gsi"
"KENNETH_CR",NA,"UPFR","Fraser Early","Fraser River","SalSea","gsi"
"MCGREGOR",NA,"UPFR","Fraser Early","Fraser River","SalSea","gsi"
"MORKILL",NA,"UPFR","Fraser Early","Fraser River","SalSea","gsi"
"NEVIN",NA,"UPFR","Fraser Early","Fraser River","SalSea","gsi"
"NEVIN_CR",NA,"UPFR","Fraser Early","Fraser River","SalSea","gsi"
"PTARMIGAN",NA,"UPFR","Fraser Early","Fraser River","SalSea","gsi"
"SALMON@PG",NA,"UPFR","Fraser Early","Fraser River","SalSea","gsi"
"SLIM",NA,"UPFR","Fraser Early","Fraser River","SalSea","gsi"
"SLIM_C",NA,"UPFR","Fraser Early","Fraser River","SalSea","gsi"
"SWIFT",NA,"UPFR","Fraser Early","Fraser River","SalSea","gsi"
"TETE_JAUNE",NA,"UPFR","Fraser Early","Fraser River","SalSea","gsi"
"TORPY",NA,"UPFR","Fraser Early","Fraser River","SalSea","gsi"
"WALKER",NA,"UPFR","Fraser Early","Fraser River","SalSea","gsi"
"WILLOW",NA,"UPFR","Fraser Early","Fraser River","SalSea","gsi"
"WILLOW_R",NA,"UPFR","Fraser Early","Fraser River","SalSea","gsi"
"CHILLIWAC@STAV",NA,"LWFR-F","Fraser Late","Fraser River","SalSea","gsi"
"CHILLIWACK_F",NA,"LWFR-F","Fraser Late","Fraser River","SalSea","gsi"
"HARRISON",NA,"LWFR-F","Fraser Late","Fraser River","SalSea","gsi"
"NAHATLATCH_R",NA,"LWFR-F","Fraser Late","Fraser River","SalSea","gsi"
"R_CHILLIWACK",NA,"LWFR-F","Fraser Late","Fraser River","SalSea","gsi"
"SERPENTINE",NA,"LWFR-F","Fraser Late","Fraser River","SalSea","gsi"
"W_CHILLIWACK",NA,"LWFR-F","Fraser Late","Fraser River","SalSea","gsi"
"CAPILANO",NA,"SOMN","Fraser Late","Fraser River","SalSea","gsi"
"BEAR_CR_SUFA",NA,"C_Puget_Sound","Central Puget Sound Fall","Puget Sound","SalSea","gsi"
"CEDAR_EARLY",NA,"C_Puget_Sound","Central Puget Sound Fall","Puget Sound","SalSea","gsi"
"CEDAR_R_SUFA",NA,"C_Puget_Sound","Central Puget Sound Fall","Puget Sound","SalSea","gsi"
"SKYKOMISH_R",NA,"C_Puget_Sound","Central Puget Sound Fall","Puget Sound","SalSea","gsi"
"HAMMA_HAMMA_R",NA,"Hood_Canal","Hood Canal","Puget Sound","SalSea","gsi"
"NF_SKOKOMISH_F",NA,"Hood_Canal","Hood Canal","Puget Sound","SalSea","gsi"
"L_SAUK_R",NA,"N_Puget_Sound","North Puget Sound Fall","Puget Sound","SalSea","gsi"
"L_SKAGIT_R_FA",NA,"N_Puget_Sound","North Puget Sound Fall","Puget Sound","SalSea","gsi"
"LITTLECAMPBELL",NA,"N_Puget_Sound","North Puget Sound Fall","Puget Sound","SalSea","gsi"
"MARBLEMOUNT_HSP",NA,"N_Puget_Sound","North Puget Sound Fall","Puget Sound","SalSea","gsi"
"MARBLEMOUNT_HSU",NA,"N_Puget_Sound","North Puget Sound Fall","Puget Sound","SalSea","gsi"
"NF_NOOKSACK_H",NA,"N_Puget_Sound","North Puget Sound Fall","Puget Sound","SalSea","gsi"
"SAMISH_H",NA,"N_Puget_Sound","North Puget Sound Fall","Puget Sound","SalSea","gsi"
"SKAGIT_R",NA,"N_Puget_Sound","North Puget Sound Fall","Puget Sound","SalSea","gsi"
"SNOHOMISH_R",NA,"N_Puget_Sound","North Puget Sound Fall","Puget Sound","SalSea","gsi"
"SNOQUALMIE_R",NA,"N_Puget_Sound","North Puget Sound Fall","Puget Sound","SalSea","gsi"
"STILLAGUAMISHS",NA,"N_Puget_Sound","North Puget Sound Fall","Puget Sound","SalSea","gsi"
"U_SAUK_R",NA,"N_Puget_Sound","North Puget Sound Fall","Puget Sound","SalSea","gsi"
"U_SAUK_R_SPSU",NA,"N_Puget_Sound","North Puget Sound Fall","Puget Sound","SalSea","gsi"
"U_SKAGIT_R",NA,"N_Puget_Sound","North Puget Sound Fall","Puget Sound","SalSea","gsi"
"NOOKSACK_SP@KE",NA,"N_Puget_Sound","Puget Sound Spring","Puget Sound","SalSea","gsi"
"SKYKOMISH_SU",NA,"C_Puget_Sound","Puget Sound Summer","Puget Sound","SalSea","gsi"
"SKAGIT_SU",NA,"N_Puget_Sound","Puget Sound Summer","Puget Sound","SalSea","gsi"
"CLE_ELM_HATCH",NA,"S_Puget_Sound","South Puget Sound Fall","Puget Sound","SalSea","gsi"
"GREEN",NA,"S_Puget_Sound","South Puget Sound Fall","Puget Sound","SalSea","gsi"
"GREEN_F@SOOS",NA,"S_Puget_Sound","South Puget Sound Fall","Puget Sound","SalSea","gsi"
"GREEN_R_FA",NA,"S_Puget_Sound","South Puget Sound Fall","Puget Sound","SalSea","gsi"
"GREEN@KENDAL_F",NA,"S_Puget_Sound","South Puget Sound Fall","Puget Sound","SalSea","gsi"
"GROVERS_CR_H",NA,"S_Puget_Sound","South Puget Sound Fall","Puget Sound","SalSea","gsi"
"HUPP_SP_H",NA,"S_Puget_Sound","South Puget Sound Fall","Puget Sound","SalSea","gsi"
"S_PRAIRIE_CR",NA,"S_Puget_Sound","South Puget Sound Fall","Puget Sound","SalSea","gsi"
"SOOS_CR_H",NA,"S_Puget_Sound","South Puget Sound Fall","Puget Sound","SalSea","gsi"
"SOOS_H",NA,"S_Puget_Sound","South Puget Sound Fall","Puget Sound","SalSea","gsi"
"UW_H_SUFA",NA,"S_Puget_Sound","South Puget Sound Fall","Puget Sound","SalSea","gsi"
"VOIGHTS_H",NA,"S_Puget_Sound","South Puget Sound Fall","Puget Sound","SalSea","gsi"
"BIG_QUALICUM",NA,"ECVI","Lower Strait of Georgia/Lower GS Hatchery","SOG","SalSea","gsi"
"CHEAKAMUS",NA,"ECVI","Lower Strait of Georgia/Lower GS Hatchery","SOG","SalSea","gsi"
"CHEAKAMUS_F",NA,"ECVI","Lower Strait of Georgia/Lower GS Hatchery","SOG","SalSea","gsi"
"CHEAKAMUS_SU",NA,"ECVI","Lower Strait of Georgia/Lower GS Hatchery","SOG","SalSea","gsi"
"CHEMAINUS",NA,"ECVI","Lower Strait of Georgia/Lower GS Hatchery","SOG","SalSea","gsi"
"COWICHAN",NA,"ECVI","Lower Strait of Georgia/Lower GS Hatchery","SOG","SalSea","gsi"
"L_QUALICUM",NA,"ECVI","Lower Strait of Georgia/Lower GS Hatchery","SOG","SalSea","gsi"
"NANAIMO",NA,"ECVI","Lower Strait of Georgia/Lower GS Hatchery","SOG","SalSea","gsi"
"NANAIMO_F",NA,"ECVI","Lower Strait of Georgia/Lower GS Hatchery","SOG","SalSea","gsi"
"NANAIMO_SP",NA,"ECVI","Lower Strait of Georgia/Lower GS Hatchery","SOG","SalSea","gsi"
"NANAIMO_SU",NA,"ECVI","Lower Strait of Georgia/Lower GS Hatchery","SOG","SalSea","gsi"
"NANAIMOSU_BACKX",NA,"ECVI","Lower Strait of Georgia/Lower GS Hatchery","SOG","SalSea","gsi"
"NANAIMOUPPER",NA,"ECVI","Lower Strait of Georgia/Lower GS Hatchery","SOG","SalSea","gsi"
"PUNTLED_SU",NA,"ECVI","Lower Strait of Georgia/Lower GS Hatchery","SOG","SalSea","gsi"
"PUNTLEDGE_BACKX",NA,"ECVI","Lower Strait of Georgia/Lower GS Hatchery","SOG","SalSea","gsi"
"PUNTLEDGE_F",NA,"ECVI","Lower Strait of Georgia/Lower GS Hatchery","SOG","SalSea","gsi"
"PUNTLEDGE_SU",NA,"ECVI","Lower Strait of Georgia/Lower GS Hatchery","SOG","SalSea","gsi"
"PUNTLEDGESUM",NA,"ECVI","Lower Strait of Georgia/Lower GS Hatchery","SOG","SalSea","gsi"
"QUATSE",NA,"ECVI","Lower Strait of Georgia/Lower GS Hatchery","SOG","SalSea","gsi"
"WOSS_LAKE",NA,"ECVI","Lower Strait of Georgia/Lower GS Hatchery","SOG","SalSea","gsi"
"MAMQUAM",NA,"SOMN","Lower Strait of Georgia/Lower GS Hatchery","SOG","SalSea","gsi"
"PHILLIPS",NA,"SOMN","Lower Strait of Georgia/Lower GS Hatchery","SOG","SalSea","gsi"
"PORTEAU_COVE",NA,"SOMN","Lower Strait of Georgia/Lower GS Hatchery","SOG","SalSea","gsi"
"SQUAMISH",NA,"SOMN","Lower Strait of Georgia/Lower GS Hatchery","SOG","SalSea","gsi"
"QUINSAM",NA,"ECVI","Upper Strait of Georgia","SOG","SalSea","gsi"
"BUTE",NA,"SOMN","Upper Strait of Georgia","SOG","SalSea","gsi"
"DEVEREUX",NA,"SOMN","Upper Strait of Georgia","SOG","SalSea","gsi"
"HOMATHKO",NA,"SOMN","Upper Strait of Georgia","SOG","SalSea","gsi"
"KLINAKLINI",NA,"SOMN","Upper Strait of Georgia","SOG","SalSea","gsi"
"BIG_BOULDER_C",NA,"Alaska","Alaska South SE","Alaska South SE","SEAK","gsi"
"KING_SALMON",NA,"Alaska","Alaska South SE","Alaska South SE","SEAK","gsi"
"SITUK",NA,"Alaska","Alaska South SE","Alaska South SE","SEAK","gsi"
"TAHINI",NA,"Alaska","Alaska South SE","Alaska South SE","SEAK","gsi"
"UNUK",NA,"Alaska","Alaska South SE","Alaska South SE","SEAK","gsi"
"KLUKSHU_R",NA,"N_Gulf_Coast_Alsek_R","Alaska South SE","Alaska South SE","SEAK","gsi"
"SITUK_R",NA,"N_Gulf_Coast_Situk_R","Alaska South SE","Alaska South SE","SEAK","gsi"
"BIG_BOULDER_CR",NA,"NSE_Alaska_Chilkat_R","Alaska South SE","Alaska South SE","SEAK","gsi"
"TAHINI_R",NA,"NSE_Alaska_Chilkat_R","Alaska South SE","Alaska South SE","SEAK","gsi"
"KING_SALMON_R",NA,"NSE_Alaska_King_Salmon_R","Alaska South SE","Alaska South SE","SEAK","gsi"
"CHICKAMIN",NA,"SSE_Alaska","Alaska South SE","Alaska South SE","SEAK","gsi"
"CHICKAMIN_H",NA,"SSE_Alaska","Alaska South SE","Alaska South SE","SEAK","gsi"
"CHICKAMIN_R",NA,"SSE_Alaska","Alaska South SE","Alaska South SE","SEAK","gsi"
"CRIPPLE_CR",NA,"SSE_Alaska","Alaska South SE","Alaska South SE","SEAK","gsi"
"KETA_R",NA,"SSE_Alaska","Alaska South SE","Alaska South SE","SEAK","gsi"
"KING_CR",NA,"SSE_Alaska","Alaska South SE","Alaska South SE","SEAK","gsi"
"ANDREW_CR",NA,"SSE_Alaska_Stikine_R","Alaska South SE","Alaska South SE","SEAK","gsi"
"ANDREW_CREEK",NA,"SSE_Alaska_Stikine_R","Alaska South SE","Alaska South SE","SEAK","gsi"
"ANDREW_CRYH",NA,"SSE_Alaska_Stikine_R","Alaska South SE","Alaska South SE","SEAK","gsi"
"ANDREW_MEDH",NA,"SSE_Alaska_Stikine_R","Alaska South SE","Alaska South SE","SEAK","gsi"
"KOWATUA_CR",NA,"Taku_R","Alaska South SE","Alaska South SE","SEAK","gsi"
"LITTLE_TRAPPER",NA,"Taku_R","Alaska South SE","Alaska South SE","SEAK","gsi"
"NAHLIN_R_U",NA,"Taku_R","Alaska South SE","Alaska South SE","SEAK","gsi"
"NAKINA_R",NA,"Taku_R","Alaska South SE","Alaska South SE","SEAK","gsi"
"TATSATUA_CR",NA,"Taku_R","Alaska South SE","Alaska South SE","SEAK","gsi"
"U_NAHLIN_R",NA,"Taku_R","Alaska South SE","Alaska South SE","SEAK","gsi"
"L_TAHLTAN_R",NA,"U_Stikine_R","Alaska South SE","Alaska South SE","SEAK","gsi"
"8702GOLD",NA,"WCVI","West Coast Hatchery","WCVI","WCVI","gsi"
"GOLD_R",NA,"WCVI","West Coast Hatchery","WCVI","WCVI","gsi"
"GOLD(83-86)",NA,"WCVI","West Coast Hatchery","WCVI","WCVI","gsi"
"ROB@GOLD",NA,"WCVI","West Coast Hatchery","WCVI","WCVI","gsi"
"TOQUART",NA,"WCVI","West Coast Hatchery","WCVI","WCVI","gsi"
"TOQUART RIVER",NA,"WCVI","West Coast Hatchery","WCVI","WCVI","gsi"
"TOQUART_RIVER",NA,"WCVI","West Coast Hatchery","WCVI","WCVI","gsi"
"BURMAN",NA,"WCVI","West Coast Wild","WCVI","WCVI","gsi"
"COLONIAL_CAY",NA,"WCVI","West Coast Wild","WCVI","WCVI","gsi"
"CONUMA",NA,"WCVI","West Coast Wild","WCVI","WCVI","gsi"
"GORDON_R",NA,"WCVI","West Coast Wild","WCVI","WCVI","gsi"
"KAOUK_R",NA,"WCVI","West Coast Wild","WCVI","WCVI","gsi"
"KENNEDY",NA,"WCVI","West Coast Wild","WCVI","WCVI","gsi"
"LEINER_R",NA,"WCVI","West Coast Wild","WCVI","WCVI","gsi"
"MARBLE@NVI",NA,"WCVI","West Coast Wild","WCVI","WCVI","gsi"
"MEGIN",NA,"WCVI","West Coast Wild","WCVI","WCVI","gsi"
"MEGIN_R",NA,"WCVI","West Coast Wild","WCVI","WCVI","gsi"
"MOYEHA_R",NA,"WCVI","West Coast Wild","WCVI","WCVI","gsi"
"NAHMINT",NA,"WCVI","West Coast Wild","WCVI","WCVI","gsi"
"NITINAT",NA,"WCVI","West Coast Wild","WCVI","WCVI","gsi"
"ROBERTSON",NA,"WCVI","West Coast Wild","WCVI","WCVI","gsi"
"SAN_JUAN",NA,"WCVI","West Coast Wild","WCVI","WCVI","gsi"
"SARITA",NA,"WCVI","West Coast Wild","WCVI","WCVI","gsi"
"SOOKE",NA,"WCVI","West Coast Wild","WCVI","WCVI","gsi"
"STAMP",NA,"WCVI","West Coast Wild","WCVI","WCVI","gsi"
"TAHSIS",NA,"WCVI","West Coast Wild","WCVI","WCVI","gsi"
"THORNTON",NA,"WCVI","West Coast Wild","WCVI","WCVI","gsi"
"TLUPANA",NA,"WCVI","West Coast Wild","WCVI","WCVI","gsi"
"TRANQUIL",NA,"WCVI","West Coast Wild","WCVI","WCVI","gsi"
"UNUSED",NA,"WCVI","West Coast Wild","WCVI","WCVI","gsi"
"ZEBALLOS",NA,"WCVI","West Coast Wild","WCVI","WCVI","gsi"
"S-HARRISON R","H-Chehalis River H","LWFR-F",NA,"Fraser River","SalSea","cwt"
"S-SHUSWAP R LOW","H-Shuswap River, Middle,","SOTH",NA,"Fraser River","SalSea","cwt"
"WHITMAN LAKE H","WHITMAN LAKE","Alaska",NA,"Alaska South SE","SEAK","cwt"
"SPRING CR    29.0159","SPRING CR NFH","L_Columbia_R_sp",NA,"Columbia","ColR","cwt"
"WELLS HATCHERY","ENTIAT NFH","U_Columbia_R_su/fa",NA,"Columbia","ColR","cwt"
"COLEMAN NFH","COLEMAN NFH","Central_Valley_fa",NA,"Oregon/California","CoastUS","cwt"
"FEATHER RIVER","FEATHER R HATCHERY","Central_Valley_fa",NA,"Oregon/California","CoastUS","cwt"
"QUINAULT LK   (21)","QUINAULT NFH -COOK C","Washington_Coast",NA,"Washington Coast","CoastUS","cwt"
"COLUMBIA R UPRIVER S","LTL WHITE SALMON NFH","L_Columbia_R_sp",NA,"Columbia","ColR","cwt"
"YAKIMA R-LOW 37.0002","PROSSER HATCHERY","U_Columbia_R_su/fa",NA,"Columbia","ColR","cwt"
"COOK CR      21.0429","QUINAULT NFH -COOK C","Washington_Coast",NA,"Washington Coast","CoastUS","cwt"
"SPRING CR    29.0159","LTL WHITE SALMON NFH","L_Columbia_R_sp",NA,"Columbia","ColR","cwt"
NA,"QUINAULT NFH -COOK C","Washington_Coast",NA,"Washington Coast","CoastUS","cwt"
"FEATHER R HATCHERY","FEATHER R HATCHERY","Central_Valley_fa",NA,"Oregon/California","CoastUS","cwt"
"TSOO-YESS R      20.0015","MAKAH NFH ON TSOO-YESS R","Washington_Coast",NA,"Washington Coast","CoastUS","cwt"
"WARM SPRINGS R","WARM SPRINGS NFH","U_Columbia_R_su/fa",NA,"Columbia","ColR","cwt"
NA,"KOOSKIA NAT","Snake_R_sp/su",NA,"Snake","ColR","cwt"
"AMERICAN RIVER","NIMBUS FISH HATCHERY","Central_Valley_fa",NA,"Oregon/California","CoastUS","cwt"
"MOKELUMNE RIVER","MOK R FISH INS","Central_Valley_fa",NA,"Oregon/California","CoastUS","cwt"
"MERCED RIVER","MERCED R FISH FACIL","Central_Valley_fa",NA,"Oregon/California","CoastUS","cwt"
"TRINITY RIVER","TRINITY R HATCHERY","Klamath_R",NA,"Oregon/California","CoastUS","cwt"
"IRON GATE HATCHERY","IRON GATE HATCHERY","Klamath_R",NA,"Oregon/California","CoastUS","cwt"
"WASHINGTON BRIGHTS","UMATILLA HATCHERY","U_Columbia_R_su/fa",NA,"Columbia","ColR","cwt"
"COLUMBIA R UPRIVER S","BONNEVILLE HATCHERY","L_Columbia_R_fa",NA,"Columbia","ColR","cwt"
"SALMON R","SALMON R HATCHERY","Snake_R_sp/su",NA,"Snake","ColR","cwt"
"COOS R","MILLICOMA HATCHERY(STEP)","Mid_Oregon_Coast",NA,"Oregon/California","CoastUS","cwt"
"COOS R","MORGAN CR (STEP-COOS","Mid_Oregon_Coast",NA,"Oregon/California","CoastUS","cwt"
"COLE RIVERS HATCHERY","CEDC NET PENS","Willamette_R",NA,"Columbia","ColR","cwt"
"COOS R","NOBLE CR (STEP-COOS)","Mid_Oregon_Coast",NA,"Oregon/California","CoastUS","cwt"
"UMATILLA R","UMATILLA HATCHERY","U_Columbia_R_su/fa",NA,"Columbia","ColR","cwt"
"SNAKE R","UMATILLA HATCHERY","Snake_R_sp/su",NA,"Snake","ColR","cwt"
"TRASK R (TRASK HT)","TRASK R PONDS","N_Oregon_Coast",NA,"Oregon/California","CoastUS","cwt"
"BIG CR HATCHERY","BIG CR HATCHERY","Willamette_R",NA,"Columbia","ColR","cwt"
"UMPQUA R (ROCK CR HT)","ROCK CR HATCHERY","Mid_Oregon_Coast",NA,"Oregon/California","CoastUS","cwt"
"ELK R (ELK R HT)","ELK R HATCHERY","N_California/S_Oregon_Coast",NA,"Oregon/California","CoastUS","cwt"
"TRASK R (TRASK HT)","TRASK R HATCHERY","N_Oregon_Coast",NA,"Oregon/California","CoastUS","cwt"
"SANTIAM R S FK","WILLAMETTE HATCHERY","Willamette_R",NA,"Columbia","ColR","cwt"
"SANTIAM R N FK","MARION FORKS HATCH","Willamette_R",NA,"Columbia","ColR","cwt"
"SANDY HATCHERY (SANDY R)","CLACKAMAS HATCHERY","L_Columbia_R_fa",NA,"Columbia","ColR","cwt"
"CLACKAMAS R EARLY","CLACKAMAS HATCHERY","Willamette_R",NA,"Columbia","ColR","cwt"
"SANDY HATCHERY (SANDY R)","SANDY HATCHERY","L_Columbia_R_fa",NA,"Columbia","ColR","cwt"
"MCKENZIE HATCHERY","MCKENZIE HATCHERY","Willamette_R",NA,"Columbia","ColR","cwt"
"MID WILLAMETTE R","DEXTER PONDS (WILLAM","Willamette_R",NA,"Columbia","ColR","cwt"
"SANTIAM R S FK","SOUTH SANTIAM HATCH","Willamette_R",NA,"Columbia","ColR","cwt"
"COLUMBIA R TULES","BONNEVILLE HATCHERY","L_Columbia_R_fa",NA,"Columbia","ColR","cwt"
"PRIEST RAPIDS   (36)","RINGOLD SPRINGS HATCHERY","U_Columbia_R_su/fa",NA,"Columbia","ColR","cwt"
"CLACKAMAS R EARLY","CEDC NET PENS","Willamette_R",NA,"Columbia","ColR","cwt"
"MCKENZIE HATCHERY","CEDC NET PENS","Willamette_R",NA,"Columbia","ColR","cwt"
"MID WILLAMETTE R","WILLAMETTE HATCHERY","Willamette_R",NA,"Columbia","ColR","cwt"
"COLE RIVERS HATCHERY","KLASKANINE S FK POND","Willamette_R",NA,"Columbia","ColR","cwt"
"MID WILLAMETTE R","CEDC NET PENS","Willamette_R",NA,"Columbia","ColR","cwt"
"BIG CR HATCHERY","KLASKANINE HATCHERY","Willamette_R",NA,"Columbia","ColR","cwt"
"COOS R","BANDON HATCHERY","Mid_Oregon_Coast",NA,"Oregon/California","CoastUS","cwt"
"SNAKE R","IRRIGON HATCHERY","Snake_R_sp/su",NA,"Snake","ColR","cwt"
"SANTIAM R S FK","MARION FORKS HATCH","Willamette_R",NA,"Columbia","ColR","cwt"
"CLACKAMAS R EARLY","LEABURG HATCHERY","Willamette_R",NA,"Columbia","ColR","cwt"
"HOOD R","ROUND BUTTE HATCHERY","U_Columbia_R_su/fa",NA,"Columbia","ColR","cwt"
"DESCHUTES R","ROUND BUTTE HATCHERY","U_Columbia_R_su/fa",NA,"Columbia","ColR","cwt"
"IMNAHA R AND TRIBS","LOOKINGGLASS HATCH","Snake_R_sp/su",NA,"Snake","ColR","cwt"
"TRASK R (TRASK HT)","TUFFY CR (SF WILSON)","N_Oregon_Coast",NA,"Oregon/California","CoastUS","cwt"
"NESTUCCA R (CEDAR CR","CEDAR CR HATCHERY","N_Oregon_Coast",NA,"Oregon/California","CoastUS","cwt"
"UMATILLA R","BONNEVILLE HATCHERY","U_Columbia_R_su/fa",NA,"Columbia","ColR","cwt"
"COLE RIVERS HATCHERY","COLE RIVERS HATCHERY","Rogue_R",NA,"Oregon/California","CoastUS","cwt"
"COOS R","COLE RIVERS HATCHERY","Mid_Oregon_Coast",NA,"Oregon/California","CoastUS","cwt"
"GARDINER CR (UMPQUA)","ROCK CR HATCHERY","Mid_Oregon_Coast",NA,"Oregon/California","CoastUS","cwt"
"SALMON R WILD",NA,"Snake_R_sp/su",NA,"Snake","ColR","cwt"
"SIUSLAW R","SIUSLAW NATURAL PRODUCT","Mid_Oregon_Coast",NA,"Oregon/California","CoastUS","cwt"
"CLACKAMAS R EARLY","WILLAMETTE HATCHERY","Willamette_R",NA,"Columbia","ColR","cwt"
"GARDINER CR (UMPQUA)","GARDINER CR (STEP)","Mid_Oregon_Coast",NA,"Oregon/California","CoastUS","cwt"
"YAQUINA B SALMON RAN","SALMON R HATCHERY","Snake_R_sp/su",NA,"Snake","ColR","cwt"
"BONNEVILLE POOL","RINGOLD SPRINGS HATCHERY","U_Columbia_R_su/fa",NA,"Columbia","ColR","cwt"
"WARM SPRINGS R","ROUND BUTTE HATCHERY","U_Columbia_R_su/fa",NA,"Columbia","ColR","cwt"
"CHETCO R","ELK R HATCHERY","N_California/S_Oregon_Coast",NA,"Oregon/California","CoastUS","cwt"
"LYONS FERRY HATCHERY","LYONS FERRY HATCHERY","Snake_R_sp/su",NA,"Snake","ColR","cwt"
"COQUILLE R","COLE RIVERS HATCHERY","Mid_Oregon_Coast",NA,"Oregon/California","CoastUS","cwt"
"COQUILLE R","BANDON HATCHERY","Mid_Oregon_Coast",NA,"Oregon/California","CoastUS","cwt"
"LOSTINE R ENDEMIC","LOOKINGGLASS HATCH","Snake_R_sp/su",NA,"Snake","ColR","cwt"
"MID WILLAMETTE R","GNAT CR HATCHERY","Willamette_R",NA,"Columbia","ColR","cwt"
"F SNAKE R","OXBOW HATCHERY","Snake_R_sp/su",NA,"Snake","ColR","cwt"
"S FK SALMON","MCCALL HATCHERY","Snake_R_sp/su",NA,"Snake","ColR","cwt"
"SNAKE R","OXBOW HATCHERY","Snake_R_sp/su",NA,"Snake","ColR","cwt"
"S-ATNARKO R LOW","H-Snootli Creek H","NOMN",NA,"North/Central BC","NBC","cwt"
"S-SHUSWAP R MIDDLE","H-Shuswap River, Middle,","SOTH",NA,"Fraser River","SalSea","cwt"
"S-CHILLIWACK R","H-Chilliwack River H","LWFR-F",NA,"Fraser River","SalSea","cwt"
"S-MORICE R","H-Toboggan Creek H","Skeena Bulkley",NA,"North/Central BC","NBC","cwt"
"S-PUNTLEDGE R","H-Puntledge River H","ECVI",NA,"SOG","SalSea","cwt"
"S-COWICHAN R","H-Cowichan River H","ECVI",NA,"SOG","SalSea","cwt"
"S-COWICHAN R","H-Cowichan Estuary Seapen","ECVI",NA,"SOG","SalSea","cwt"
"S-PUNTLEDGE R","H-Comox Bay Seapen","ECVI",NA,"SOG","SalSea","cwt"
"S-BEDWELL R","H-Tofino H","WCVI",NA,"WCVI","WCVI","cwt"
"S-PHILLIPS R","H-Fanny Bay/ JNST Seapen","SOMN",NA,"SOG","SalSea","cwt"
"S-SALMON R/TOMF","H-Spius Creek H","SOTH",NA,"Fraser River","SalSea","cwt"
"S-ATNARKO R UP","H-Snootli Creek H","NOMN",NA,"North/Central BC","NBC","cwt"
"S-BIG QUALICUM R","H-Big Qualicum River H","ECVI",NA,"SOG","SalSea","cwt"
"S-NICOLA R","H-Spius Creek H","LWTH",NA,"Fraser River","SalSea","cwt"
"S-ROBERTSON CR","H-Robertson Creek H","WCVI",NA,"WCVI","WCVI","cwt"
"S-PHILLIPS R","H-Phillips River H","SOMN",NA,"SOG","SalSea","cwt"
"S-NAHMINT R","H-Robertson Creek H","WCVI",NA,"WCVI","WCVI","cwt"
"S-BURMAN R","H-Gold River H","WCVI",NA,"WCVI","WCVI","cwt"
"S-CHEMAINUS R","H-Nanaimo River H","ECVI",NA,"SOG","SalSea","cwt"
"S-MARBLE R","H-Marble River H","WCVI",NA,"WCVI","WCVI","cwt"
"S-BULKLEY R UP","H-Toboggan Creek H","Skeena Bulkley",NA,"North/Central BC","NBC","cwt"
"S-KITSUM BEL CANYON","H-Deep Creek/ SKNA H","Skeena Bulkley",NA,"North/Central BC","NBC","cwt"
"S-CONUMA R","H-Conuma Estuary Seapen","WCVI",NA,"WCVI","WCVI","cwt"
"S-CHEMAINUS R","H-Seaspring Salmon Farm","ECVI",NA,"SOG","SalSea","cwt"
"S-KITSUM ABV CANYON","H-Deep Creek/ SKNA H","Skeena Bulkley",NA,"North/Central BC","NBC","cwt"
"S-KITIMAT R","H-Kitimat River H","NOMN",NA,"North/Central BC","NBC","cwt"
"S-NANAIMO R","H-Nanaimo River H","ECVI",NA,"SOG","SalSea","cwt"
"S-CHEAKAMUS R","H-Tenderfoot Creek H","ECVI",NA,"SOG","SalSea","cwt"
"S-SARITA R","H-Omega Pacific H","WCVI",NA,"WCVI","WCVI","cwt"
"LTL WHITE SALMON-NFH","MARION YAKAMA TRIB HAT","U_Columbia_R_su/fa",NA,"Columbia","ColR","cwt"
"YAKIMA R-UPR 39.0002","CLE ELUM HATCHERY","U_Columbia_R_su/fa",NA,"Columbia","ColR","cwt"
"WELLS DAM       (47)","MARION YAKAMA TRIB HAT","U_Columbia_R_su/fa",NA,"Columbia","ColR","cwt"
"WELLS HATCHERY","MARION YAKAMA TRIB HAT","U_Columbia_R_su/fa",NA,"Columbia","ColR","cwt"
"SKAGIT R     03.0176",NA,"N_Puget_Sound",NA,"Puget Sound","SalSea","cwt"
"QUEETS R     21.0016","SALMON R FISH CULTUR","Washington_Coast",NA,"Washington Coast","CoastUS","cwt"
"DUNGENESS R  18.0018",NA,"Juan_de_Fuca",NA,"Washington Coast","CoastUS","cwt"
"GROVERS CR   15.0299","GROVERS CR HATCHERY","C_Puget_Sound",NA,"Puget Sound","SalSea","cwt"
"CLEAR CR    11.0013C","CLEAR CREEK HATCHERY","S_Puget_Sound",NA,"Puget Sound","SalSea","cwt"
"VOIGHT CR    10.0414","COWSKULL ACCLIM POND","C_Puget_Sound",NA,"Puget Sound","SalSea","cwt"
"QUINAULT R   21.0398","QUINAULT LK HATCHERY","Washington_Coast",NA,"Washington Coast","CoastUS","cwt"
"HANFORD REACH STOCK",NA,"U_Columbia_R_su/fa",NA,"Columbia","ColR","cwt"
"KALAMA CR    11.0017","KALAMA CR HATCHERY","S_Puget_Sound",NA,"Puget Sound","SalSea","cwt"
"SAMISH R     03.0005","LUMMI SEA PONDS","N_Puget_Sound",NA,"Puget Sound","SalSea","cwt"
"WHITE R      10.0031","WHITE RIVER HATCHERY","C_Puget_Sound",NA,"Puget Sound","SalSea","cwt"
"SKYKOMISH R  07.0012","BERNIE GOBIN HATCH","N_Puget_Sound",NA,"Puget Sound","SalSea","cwt"
"WALLACE R + SAMISH","BERNIE GOBIN HATCH","N_Puget_Sound",NA,"Puget Sound","SalSea","cwt"
"STILLAGUAMISH R -NF","WHITEHORSE POND","N_Puget_Sound",NA,"Puget Sound","SalSea","cwt"
"HOKO R       19.0148","HOKO FALLS HATCHERY","Juan_de_Fuca",NA,"Washington Coast","CoastUS","cwt"
"VOIGHT CR    10.0414","CLARKS CRK HATCHERY","C_Puget_Sound",NA,"Puget Sound","SalSea","cwt"
"SOL DUC R   20.0096","SOLDUC HATCHERY","Washington_Coast",NA,"Washington Coast","CoastUS","cwt"
"CLARKS CR    10.0027","COWSKULL ACCLIM POND","C_Puget_Sound",NA,"Puget Sound","SalSea","cwt"
"DUNGENESS R  18.0018","HURD CR HATCHERY","Juan_de_Fuca",NA,"Washington Coast","CoastUS","cwt"
"SOL DUC R   20.0096","BEAR SPRINGS 1  (20)","Washington_Coast",NA,"Washington Coast","CoastUS","cwt"
"QUILLAYUTE R 20.0096","LONESOME CR HATCHERY","Washington_Coast",NA,"Washington Coast","CoastUS","cwt"
"SOL DUC R   20.0096","LONESOME CR HATCHERY","Washington_Coast",NA,"Washington Coast","CoastUS","cwt"
"SKAGIT R     03.0176","MARBLEMOUNT HATCHERY","N_Puget_Sound",NA,"Puget Sound","SalSea","cwt"
"DUNGENESS R  18.0018","GRAY WOLF R ACCL PD","Juan_de_Fuca",NA,"Washington Coast","CoastUS","cwt"
"MINTER CR    15.0048","GORST CR REARING PND","C_Puget_Sound",NA,"Puget Sound","SalSea","cwt"
"GROVERS CR   15.0299","GORST CR REARING PND","C_Puget_Sound",NA,"Puget Sound","SalSea","cwt"
"WHITE R      10.0031","CLARKS CRK HATCHERY","C_Puget_Sound",NA,"Puget Sound","SalSea","cwt"
"CLARKS CR    10.0027","CLARKS CRK HATCHERY","C_Puget_Sound",NA,"Puget Sound","SalSea","cwt"
"WALLACE R    07.0940","BERNIE GOBIN HATCH","N_Puget_Sound",NA,"Puget Sound","SalSea","cwt"
"DUNGENESS R  18.0018","DUNGENESS HATCHERY","Juan_de_Fuca",NA,"Washington Coast","CoastUS","cwt"
"DUNGENESS R  18.0018","UPR DUNGENESS ACC PD","Juan_de_Fuca",NA,"Washington Coast","CoastUS","cwt"
"NOOKSACK -SF 01.0246","SKOOKUM CR HATCHERY","N_Puget_Sound",NA,"Puget Sound","SalSea","cwt"
"BIG SOOS CR  09.0072","KETA CREEK COMPLEX","C_Puget_Sound",NA,"Puget Sound","SalSea","cwt"
"LYONS FERRY HATCHERY","NPT HATCHERY","Snake_R_sp/su",NA,"Snake","ColR","cwt"
"DECEPTION CR 247-41","FORT RICHARDSON","Alaska",NA,"Alaska South SE","SEAK","cwt"
"LYONS FERRY HATCHERY","IDAHO- PITTSBURG LNDNG PD","Snake_R_sp/su",NA,"Snake","ColR","cwt"
"SNAKE R-LOWR 33.0002","LYONS FERRY HATCHERY","Snake_R_sp/su",NA,"Snake","ColR","cwt"
"DESCHUTES R",NA,"U_Columbia_R_su/fa",NA,"Columbia","ColR","cwt"
"LEWIS R      27.0168","LEWIS RIVER HATCHERY","L_Columbia_R_sp",NA,"Columbia","ColR","cwt"
"KALAMA R     27.0002","KALAMA FALLS HATCHERY","L_Columbia_R_sp",NA,"Columbia","ColR","cwt"
"WELLS HATCHERY","TURTLE ROCK HATCHERY","U_Columbia_R_su/fa",NA,"Columbia","ColR","cwt"
"WELLS HATCHERY","WELLS HATCHERY","U_Columbia_R_su/fa",NA,"Columbia","ColR","cwt"
"METHOW & OKANOGAN","SIMILKAMEEN HATCHERY","U_Columbia_R_su/fa",NA,"Columbia","ColR","cwt"
"WENATCHEE R  45.0030","EASTBANK HATCHERY","U_Columbia_R_su/fa",NA,"Columbia","ColR","cwt"
"COWLITZ R    26.0002","COWLITZ SALMON HATCHERY","L_Columbia_R_sp",NA,"Columbia","ColR","cwt"
"METHOW & OKANOGAN","CARLTON ACCLIMATION POND","U_Columbia_R_su/fa",NA,"Columbia","ColR","cwt"
"GEORGE ADAMS (PURDY)","GEORGE ADAMS HATCHERY","Hood_Canal",NA,"Puget Sound","SalSea","cwt"
"METHOW & OKANOGAN","TURTLE ROCK HATCHERY","U_Columbia_R_su/fa",NA,"Columbia","ColR","cwt"
"ISSAQUAH CR  08.0178","ISSAQUAH HATCHERY","C_Puget_Sound",NA,"Puget Sound","SalSea","cwt"
"WELLS HATCHERY","GRANT COUNTY PUD","U_Columbia_R_su/fa",NA,"Columbia","ColR","cwt"
"DESCHUTES R  13.0028","LAKEWOOD HATCHERY","S_Puget_Sound",NA,"Puget Sound","SalSea","cwt"
"WASHOUGAL R  28.0159","WASHOUGAL HATCHERY","L_Columbia_R_fa",NA,"Columbia","ColR","cwt"
"NOOKSACK R   01.0120","KENDALL CR HATCHERY","N_Puget_Sound",NA,"Puget Sound","SalSea","cwt"
"WENATCHEE R  45.0030","DRYDEN POND","U_Columbia_R_su/fa",NA,"Columbia","ColR","cwt"
"WHITE R      10.0031","HUPP SPRINGS REARING","S_Puget_Sound",NA,"Puget Sound","SalSea","cwt"
"PRIEST RAPIDS   (36)","PRIEST RAPIDS HATCHERY","U_Columbia_R_su/fa",NA,"Columbia","ColR","cwt"
"FINCH CR     16.0222","HOODSPORT HATCHERY","Hood_Canal",NA,"Puget Sound","SalSea","cwt"
"VOIGHT CR    10.0414","VOIGHTS CR HATCHERY","C_Puget_Sound",NA,"Puget Sound","SalSea","cwt"
"DESCHUTES R  13.0028","TUMWATER FALLS HATCHERY","S_Puget_Sound",NA,"Puget Sound","SalSea","cwt"
"BIG SOOS CR  09.0072","SOOS CREEK HATCHERY","C_Puget_Sound",NA,"Puget Sound","SalSea","cwt"
"ELWHA R      18.0272","ELWHA HATCHERY","Juan_de_Fuca",NA,"Washington Coast","CoastUS","cwt"
"KALAMA R     27.0002","FALLERT CR HATCHERY","L_Columbia_R_sp",NA,"Columbia","ColR","cwt"
"SKYKOMISH R  07.0012","WALLACE R HATCHERY","N_Puget_Sound",NA,"Puget Sound","SalSea","cwt"
"BIG SOOS CR  09.0072","ICY CR HATCHERY","C_Puget_Sound",NA,"Puget Sound","SalSea","cwt"
"ELOCHOMAN R  25.0236","ELOCHOMAN HATCHERY","L_Columbia_R_fa",NA,"Columbia","ColR","cwt"
"LEWIS R -NF  27.0168",NA,"L_Columbia_R_sp",NA,"Columbia","ColR","cwt"
"CHAMBERS CR  12.0007","GARRISON HATCHERY","S_Puget_Sound",NA,"Puget Sound","SalSea","cwt"
"WHITE R      10.0031","MINTER CR HATCHERY","S_Puget_Sound",NA,"Puget Sound","SalSea","cwt"
"COWLITZ R    26.0002","FRIENDS OF COWLITZ","L_Columbia_R_sp",NA,"Columbia","ColR","cwt"
"MINTER CR    15.0048","MINTER CR HATCHERY","S_Puget_Sound",NA,"Puget Sound","SalSea","cwt"
"COWLITZ R    26.0002","DEEP R NP - LOWER","U_Columbia_R_su/fa",NA,"Columbia","ColR","cwt"
"PRIEST RAPIDS   (36)","KLICKITAT HATCHERY","U_Columbia_R_su/fa",NA,"Columbia","ColR","cwt"
"SAMISH   (FRIDAY CR)","SAMISH HATCHERY","N_Puget_Sound",NA,"Puget Sound","SalSea","cwt"
"KLICKITAT R  30.0002","KLICKITAT HATCHERY","U_Columbia_R_su/fa",NA,"Columbia","ColR","cwt"
"GEORGE ADAMS (PURDY)","RICKS PD (LLTK)","Hood_Canal",NA,"Puget Sound","SalSea","cwt"
"TOUTLE R     26.0227","NORTH TOUTLE HATCHERY","L_Columbia_R_sp",NA,"Columbia","ColR","cwt"
"PORTAGE BAY STOCK UW","PORTAGE BAY HATCHERY","C_Puget_Sound",NA,"Puget Sound","SalSea","cwt"
"ELWHA R      18.0272","SOLDUC HATCHERY","Juan_de_Fuca",NA,"Washington Coast","CoastUS","cwt"
"DESCHUTES R  13.0028","GARRISON HATCHERY","S_Puget_Sound",NA,"Puget Sound","SalSea","cwt"
"SATSOP R     22.0360","SATSOP SPRINGS PONDS","Washington_Coast",NA,"Washington Coast","CoastUS","cwt"
"TUCANNON R CAPTIVE","TUCANNON HATCHERY","Snake_R_sp/su",NA,"Snake","ColR","cwt"
"GEORGE ADAMS (PURDY)","RFEG 6 HOOD CANAL","Hood_Canal",NA,"Puget Sound","SalSea","cwt"
"VAN WINKLE C 22.0240","LK ABERDEEN HATCHERY","Washington_Coast",NA,"Washington Coast","CoastUS","cwt"
"HUMPTULIPS R 22.0004","HUMPTULIPS HATCHERY","Washington_Coast",NA,"Washington Coast","CoastUS","cwt"
"SAMISH   (FRIDAY CR)","GLENWOOD SPRINGS","N_Puget_Sound",NA,"Puget Sound","SalSea","cwt"
"WENATCHEE R  45.0030",NA,"U_Columbia_R_su/fa",NA,"Columbia","ColR","cwt"
"NASELLE R    24.0543","NASELLE HATCHERY","Washington_Coast",NA,"Washington Coast","CoastUS","cwt"
"NEMAH R      24.0460","NEMAH HATCHERY","Washington_Coast",NA,"Washington Coast","CoastUS","cwt"
"PRIEST RAPIDS   (36)","KLICKITAT HATCHERY (YKFP)","U_Columbia_R_su/fa",NA,"Columbia","ColR","cwt"
"WILLAPA R    24.0251","FORKS CREEK HATCHERY","Washington_Coast",NA,"Washington Coast","CoastUS","cwt"
"KLICKITAT R  30.0002","KLICKITAT HATCHERY (YKFP)","U_Columbia_R_su/fa",NA,"Columbia","ColR","cwt"
"COWEEMAN R   26.0003",NA,"L_Columbia_R_sp",NA,"Columbia","ColR","cwt"
"COWLITZ R @ MAYFIELD",NA,"L_Columbia_R_sp",NA,"Columbia","ColR","cwt"
"WELLS HATCHERY","TURTLE ROCK HATCHERY","Mid_Oregon_Coast",NA,"Oregon/California","CoastUS","cwt"
"COWLITZ R -LOWER",NA,"L_Columbia_R_sp",NA,"Columbia","ColR","cwt"
"TANNER CR (BNVILLE)","KLICKITAT HATCHERY (YKFP)","U_Columbia_R_su/fa",NA,"Columbia","ColR","cwt"
"METHOW & OKANOGAN","BONAPARTE POND","U_Columbia_R_su/fa",NA,"Columbia","ColR","cwt"
"COWLITZ R    26.0002","DEEP R NET PENS","L_Columbia_R_fa",NA,"Columbia","ColR","cwt"
"SNAKE R-LOWR 33.0002","IRRIGON HATCHERY","Snake_R_sp/su",NA,"Snake","ColR","cwt"
"WELLS HATCHERY","CHELAN PUD HATCHERY","U_Columbia_R_su/fa",NA,"Columbia","ColR","cwt"
"ELOCHOMAN R  25.0236","DEEP R NET PENS","L_Columbia_R_fa",NA,"Columbia","ColR","cwt"
"LTL WHITE SALMON-NFH","KLICKITAT HATCHERY (YKFP)","U_Columbia_R_su/fa",NA,"Columbia","ColR","cwt"
"SATSOP R     22.0360","BINGHAM CR HATCHERY","Washington_Coast",NA,"Washington Coast","CoastUS","cwt"
"NOOKSACK -SF 01.0246","KENDALL CR HATCHERY","N_Puget_Sound",NA,"Puget Sound","SalSea","cwt"
"WELLS HATCHERY","CHELAN RIVER NP","U_Columbia_R_su/fa",NA,"Columbia","ColR","cwt"
"WASHOUGAL R  28.0159","DEEP R NET PENS","L_Columbia_R_fa",NA,"Columbia","ColR","cwt"
"METHOW & OKANOGAN",NA,"U_Columbia_R_su/fa",NA,"Columbia","ColR","cwt"
"MINTER CR    15.0048","GLENWOOD SPRINGS","N_Puget_Sound",NA,"Puget Sound","SalSea","cwt"
"WELLS HATCHERY","CHELAN FALLS HATCHERY","U_Columbia_R_su/fa",NA,"Columbia","ColR","cwt"
"KALAMA R     27.0002","GOBAR POND      (27)","L_Columbia_R_sp",NA,"Columbia","ColR","cwt"
"GLENWOOD SPRINGS","GLENWOOD SPRINGS","N_Puget_Sound",NA,"Puget Sound","SalSea","cwt"
"GEORGE ADAMS (PURDY)","HOODSPORT HATCHERY","Hood_Canal",NA,"Puget Sound","SalSea","cwt"
"METHOW R     48.0002","METHOW HATCHERY","U_Columbia_R_su/fa",NA,"Columbia","ColR","cwt"
"COWLITZ R    26.0002","FALLERT CR HATCHERY","L_Columbia_R_sp",NA,"Columbia","ColR","cwt"
